"bsn","Holzwerkstatt","Textilwerkstatt","Metallwerkstatt","Werkstatt für Elektronik","Keramikwerkstatt","Werkstatt","Werkstätten","Weberei","Bäckerei","Lehrküche","Lernwerkstatt","Lernwerkstätten","Einsatz von Laptops","Einsatz von Whiteboards","Einsatz von Beamern","Computerraum","Computerräume","Mediothek","Internetcafé"
"01A01",,,,,,,,,,,,,,,,,,,
"01A02",,,,,,,,,,,,,,,,,,,
"01A03",,,,,,,,,,,,,,,,,,,
"01A04",,,,,,,,,,,,,,,,,,,
"01B01",,,,,,,,,,,,,,,,,,,
"01B01",,,,,,,,,,,,,,,,,,,
"01B01",,,,,,,,,,,,,,,,,,,
"01B01",,,,,,,,,,,,,,,,,,,
"01B01",,,,,,,,,,,,,,,,,,,
"01B01",,,,,,,,,,,,,,,,,,,
"01B02",,,,,,,,,,,,,,,,,,,
"01B03",,,,,,,,,,,,,,,,,,,
"01B03",,,,,,,,,,,,,,,,,,,
"01B03",,,,,,,,,,,,,,,,,,,
"01B03",,,,,,,,,,,,,,,,,,,
"01B03",,,,,,,,,,,,,,,,,,,
"01B04",,,,,,,,,,,,,,,,,,,
"01B04",,,,,,,,,,,,,,,,,,,
"01B04",,,,,,,,,,,,,,,,,,,
"01B05",,,,,,,,,,,,,,,,,,,
"01B05",,,,,,,,,,,,,,,,,,,
"01E03",,,,,,,,,,,,,,,,,,,
"01E08",,,,,,,,,,,,,,,,,,,
"01E10",,,,,,,,,,,,,,,,,,,
"01E12",,,,,,,,,,,,,,,,,,,
"01E13",,,,,,,,,,,,,,,,,,,
"01E16",,,,,,,,,,,,,,,,,,,
"01E18",,,,,,,,,,,,,,,,,1,,
"01E20",,,,,,,,,,,,,,,,,,,
"01E21",,,,,,,,,,,,,,,,,,,
"01E25",,,,,,,,,,,,,,,,,,,
"01E26",,,,,,,,,,,,,,,,,,,
"01E27",,,,,,,,,,,,,,,,,,,
"01E28",,,,,,,,,,,,,,,,,,,
"01E29",,,,,,,,,,,,,,,,,,,
"01E30",,,,,,,,,,,,,,,,,,,
"01E31",,,,,,,,,,,,,,,,,,,
"01E32",,,,,,,,,,,,,,,,,,,
"01G01",,,,,,,,,,,,,,,,,,,
"01G02",,,,,,,,,,,,,,,,,,,
"01G04",,,,,,,,,,,,,,,,,,,
"01G05",,,,,,,,,,,,,,,,,,,
"01G07",,,,,,,,,,,,,,,,,,,
"01G08",1,,1,1,1,1,,,,,,,,,,,,,1
"01G10",,,,,,,,,,,,,,,,,,,
"01G11",,,,,,1,,,,1,,,,,,,,,
"01G15",,,,,,,,,,,,,,,,,1,,
"01G16",,,,,,,,,,,,,,,,1,,,
"01G18",,,,,,,,,,,,,,,,1,,,
"01G19",,,,,,,,,,,,,,,,,,,
"01G24",,,,,,,,,,,,,,,,,,,
"01G25",,,,,,,,,,,,,,,,,,,
"01G27",,,,,,,,,,,,,,,,,,,
"01G28",,,,,,,,,,,,,,,,1,,,
"01G29",,,,,,,,,,,,,,,,,,,
"01G31",,,,,,,,,,,,,,,,,,,
"01G32",,,,,,,,,,,,,,,,1,,,
"01G35",,,,,,,,,,,,,,,,1,,,
"01G36",,,,,,,,,,,,,,,,,,,
"01G37",,,,,,,,,,,,,1,,,,,,
"01G38",,,,,,,,,,,,,,,,,,,
"01G39",,,,,,,,,,,,,,,,,,,
"01G40",,,,,,,,,,,,,,,,,,,
"01G41",,,,,,1,,,,,,,,,,1,,,
"01G42",,,,,,,,,,,,,,,,,,,
"01G43",,,,,,,,,,,,,,,,,,,
"01G44",,,,,,,,,,,,,,,,,,,
"01G45",,,,,,,,,,,,,,,,,,,
"01G46",,,,,,,,,,,,,1,,,,,,
"01G47",,,,,,,,,,1,,,,,,1,,,
"01K01",1,1,1,,,1,,,,1,,,,,,,,,1
"01K02",,1,,,1,1,,,,1,1,,,,,,1,,
"01K03",,1,,,,1,,,,,,,,,,,1,1,
"01K04",,,,,,,,,,,,,,,,,,,
"01K06",,,,,,,,,,,,,,1,,,1,,
"01K07",1,1,1,,,1,,,,,,,,,,,1,,
"01K08",,,,,,,,,,,,,,,,1,,,
"01K08",,,,,,,,,,,,,,,,,,,
"01K08",,,,,,,,,,,,,,,,,,,
"01K09",,,,,,,,,,,,,,,,,,,
"01K10",,,,,,,,,,,,,,,,,,,
"01P01",,,,,,,,,,,,,,,,,,,
"01P03",,,,,,,,,,,,,,,,,,,
"01P04",,,,,,,,,,,,,,,,,,,
"01P05",,,,,,,,,,,,,,,,,,,
"01P06",,,,,,,,,,,,,,,,,,,
"01P07",,,,,,,,,,,,,,,,,,,
"01P07",,,,,,,,,,,,,,,,,,,
"01P07",,,,,,,,,,,,,,,,,,,
"01P11",,,,,,,,,,,,,,,,,,,
"01P13",,,,,,,,,,,,,,,,,,,
"01P14",,,,,,,,,,,,,,,,,1,,
"01P14",,,,,,,,,,,,,,,,,1,,
"01P14",,,,,,,,,,,,,,,,,,,
"01P16",,,,,,,,,,,,,,,,,,,
"01P17",,,,,,,,,,,,,,,,,,,
"01P17",,,,,,,,,,,,,,,,,,,
"01P17",,,,,,,,,,,,,,,,,,,
"01P18",,,,,,,,,,,,,1,1,,,,,
"01P18",,,,,,,,,,,,,1,1,,,,,
"01P22",,,,,,,,,,,,,,,,,,,
"01P22",,,,,,,,,,,,,,,,,,,
"01P23",,,,,,,,,,,,,,,,,,,
"01P24",,,,,,,,,,,,,,,,,,,
"01P24",,,,,,,,,,,,,,,,,,,
"01P25",,,,,,,,,,,,,,,,,,,
"01P33",,,,,,,,,,,,,,,,,,,
"01P34",,,,,,,,,,,,,,,,,,,
"01P36",,,,,,,,,,,,,,,,,,,
"01P36",,,,,,,,,,,,,,,,,,,
"01P37",,,,,,,,,,,,,,,,,,,
"01P38",,,,,,,,,,,,,,,,,,,
"01P39",,,,,,,,,,,,,,,,,,,
"01P39",,,,,,,,,,,,,,,,,,,
"01P40",,,,,,,,,,,,,,,,,,,
"01P42",,,,,,,,,,,,,,,,,,,
"01P43",,,,,,,,,,,,,,,,,,,
"01P44",,,,,,,,,,,,,,,,,,,
"01P45",,,,,,,,,,,,,,,,,,,
"01P46",,,,,,,,,,,,,,,,,,,
"01S01",,,,,,,,,,,,,,,,,,,
"01S05",,,,,,,,,,,,,,,,,,,
"01S06",,,,,,,,,,,,,,,,,,,
"01S07",,,,,,,,,,,,,,,,,,,
"01Y02",,,,,,,,,,,,,1,,,,,,
"01Y04",,,,,,,,,,,,,,,,,,,
"01Y07",,,,,,,1,,,,,,,,,,1,,
"01Y08",,,,,,,,,,,,,1,,,,,,
"01Y09",,,,,,,,,,,,,,,,,1,,
"01Y11",,,,,,,,,,,,,,,,,1,,
"01Y12",,,,,,,,,,,,,,,,,,,
"02A01",,,,,,,,,,,,,,,,,,,
"02A02",,,,,,,,,,,,,,,,,,,
"02A03",,,,,,,,,,,,,,,,,,,
"02A04",,,,,,,,,,,,,,,,,,,
"02A05",,,,,,,,,,,,,,,,,,,
"02A06",,,,,,,,,,,,,,,,,,,
"02A07",,,,,,,,,,,,,,,,,,,
"02A08",,,,,,,,,,,,,,,,,,,
"02B01",1,,1,,,1,,,,,,,,,,,,,
"02B01",,,,,,,,,,,,,,,,,,,
"02B01",1,,1,,,1,,,,,,,,,,,,,
"02B02",,,,,,,,,,,,,,,,,,,
"02B02",,,,,,,,,,,,,,,,,,,
"02B02",,,,,,,,,,,,,,,,,,,
"02B03",,,,,,,,,,,,,,,,,,,
"02B03",,,,,,,,,,,,,,,,,,,
"02B03",,,,,,,,,,,,,,,,,,,
"02B04",,,,,,,,,,,,,,,,,,,
"02B04",,,,,,,,,,,,,,,,,,,
"02B04",,,,,,,,,,,,,,,,,,,
"02B04",,,,,,,,,,,,,,,,,,,
"02B04",,,,,,,,,,,,,,,,,,,
"02B04",,,,,,,,,,,,,,,,,,,
"02B05",,,,,1,1,,,,1,,,,,,,1,,
"02B05",,,,,1,1,,,,1,,,,,,,1,,
"02B05",,,,,1,1,,,,1,,,,,,,1,,
"02B05",,,,,,,,,,,,,,,,,,,
"02B05",,,,,1,1,,,,1,,,,,,,1,,
"02E01",,,,,,,,,,,,,,,,,,,
"02E03",,,,,,,,,,,,,,,,,,,
"02E04",,,,,,,,,,,,,,,,,,,
"02E05",,,,,,,,,,,,,,,,,,,
"02E06",,,,,,,,,,,,,,,,,,,
"02E07",,,,,,,,,,,,,,,,,,,
"02E10",,,,,,,,,,,,,,,,,,,
"02E11",,,,,,,,,,,,,,,,,,,
"02E12",,,,,,,,,,,,,,,,,,,
"02E14",,,,,,,,,,,,,,,,,,,
"02E15",,,,,,,,,,,,,,,,,,,
"02E17",,,,,,,,,,,,,,,,,,,
"02E18",,,,,,,,,,,,,,,,,,,
"02E20",,,,,,,,,,,,,,,,,,,
"02E21",,,,,,,,,,,,,,,,,,,
"02E23",,,,,,,,,,,,,,,,,,,
"02E24",,,,,,,,,,,,,,,,,,,
"02E26",,,,,,,,,,,,,,,,,,,
"02E27",,,,,,,,,,,,,,,,,,,
"02E28",,,,,,,,,,,,,,,,,,,
"02E29",,,,,,,,,,,,,,,,,,,
"02E30",,,,,,,,,,,,,,,,,,,
"02E32",,,,,,,,,,,,,,,,,,,
"02E33",,,,,,,,,,,,,,,,,,,
"02E34",,,,,,,,,,,,,,,,,,,
"02E35",,,,,,,,,,,,,,,,,,,
"02E36",,,,,,,,,,,,,,,,,,,
"02E37",,,,,,,,,,,,,,,,,,,
"02E38",,,,,,,,,,,,,,,,,,,
"02E39",,,,,,,,,,,,,,,,,,,
"02G01",,,,,,,,,,,,,,,,,,,
"02G02",,,,,,,,,,,,,,,,,,,
"02G03",,,,,,,,,,,,,,,,,,,
"02G04",,,,,,,,,,,,,,,,,,,
"02G05",,,,,,,,,,,,,,,,1,,,
"02G07",1,,,,,1,,,,1,,,,,,1,,,
"02G08",,,,,,,,,,,,,,,,1,,,
"02G09",,,,,,,,,,,,,,,,,,,
"02G10",,,,,,,,,,,,,,,,,,,
"02G11",,,,,,,,,,,,,,,,,,,
"02G12",,,,,,,,,,,,,1,,,,,,
"02G13",,,,,,,,,,,,,,,,,,,
"02G14",,,,,,,,,,,,,1,,,1,,,
"02G15",,,,,,,,,,,,,,,,,1,,
"02G16",,,,,,,,,,,,,,,,1,,,
"02G18",,,,,,,,,,,,,,,,,,,
"02G19",,,,,,,,,,,,,,,,,,,
"02G20",,,,,,,,,,,,,,,,1,,,
"02G21",,,,,,,,,,,,,,,,,,,
"02G22",,,,,,,,,,,,,,,,,,,
"02G23",,,,,,,,,,,,,,,,,,,
"02G24",,,,,,,,,,,,,1,,,,,,
"02G26",,,,,,,,,,,,,,1,,,1,,
"02G27",1,,,,1,1,,,,,,,,,,,,,
"02G29",,,,,,,,,,,,,,,,,,,
"02G31",,,,,1,1,,,,,,,,,,1,,,
"02G32",,,,,,,,,,,,,,,,1,,,
"02G33",,,,,,,,,,,,,,,,,,,
"02G34",,,,,,,,,,,,,,,,,,,
"02G35",,,,,,,,,,,,,,,,,,,
"02K01",1,1,1,,,1,,,,,,,,,,,,,
"02K02",,,,,,,,,,,,,,,,,,,
"02K03",,,,,,,,,,,,,,,,1,,,
"02K04",1,1,1,,,1,,,,1,,,,,,,1,,1
"02K05",1,1,1,,,1,,,,,,,,,,1,,,
"02K06",,,,,,,,,,,,,,,,,,,
"02K07",,,,,,,,,,,,,,,,,1,,
"02K08",1,1,1,,,1,,,,,,,1,,,,1,,
"02K09",1,1,,1,,1,,,,1,,,,,,,,,
"02K10",1,,1,,,1,,,,,,,,,,,1,,
"02P02",,,,,,,,,,,,,1,1,1,,,,
"02P02",,,,,,,,,,,,,,,,,,,
"02P03",,,,,,,,,,,,,,,,,,,
"02P04",,,,,,,,,,,,,,,,,,,
"02P05",,,,,,,,,,,,,,,,,,,
"02P05",,,,,,,,,,,,,,,,,,,
"02P07",,,,,,,,,,,,,,,,,,,
"02P07",,,,,,,,,,,,,,,,,,,
"02P08",,,,,,,,,,,,,,,,,,,
"02P09",,,,,,,,,,,,,,,,,,,
"02P10",,,,,,,,,,,,,,,,,,,
"02P11",,,,,,,,,,,,,,,,,,,
"02P12",,,,,,,,,,,,,,,,,,,
"02P13",,,,,,,,,,,,,,,,,,,
"02P14",,,,,,,,,,,,,,,,,,,
"02P16",,,,,,,,,,,,,,,,,,,
"02P18",,,,,,,,,,,,,,,,,,,
"02P19",,,,,,,,,,,,,,,,,,,
"02P20",,,,,,,,,,,,,,,,,,,
"02P22",,,,,,,,,,,,,,,,,,,
"02P23",,,,,,,,,,,,,,,,,,,
"02P25",,,,,,,,,,,,,,,,,,,
"02P26",,,,,,,,,,,,,,,,,,,
"02P27",,,,,,,,,,,,,,,,,,,
"02P28",,,,,,,,,,,,,,,,,,,
"02S01",,,,,,,,,,,,,,,,,,,
"02S01",,,,,,,,,,,,,,,,,,,
"02S01",,,,,,,,,,,,,,,,,,,
"02S02",,,,,,,,,,,,,,,,,,,
"02S03",,,,,,,,,,,,,,,,,,,
"02S04",,,,,,,,,,1,,,,,,1,,,
"02S05",1,1,1,,,1,,,,1,,,,,,,1,,
"02S06",,,,,,,,,,,,,,,,,,,
"02Y01",,,,,,,,,,,,,,,1,,1,,
"02Y03",,,,,,,,,,,,,,,,,1,,
"02Y04",,,,,,,,,,,,,,,,,1,,
"02Y05",,,,,,,,,,,,,,,,,,,
"02Y06",,,,,,,,,,,,,,,,,1,,
"02Y07",,,,,,,,,,,,,,,,,1,,
"02Y08",,,,,,,,,,,,,,,,,,,
"03A04",,,,,,,,,,,,,,,,,,,
"03A05",,,,,,,,,,,,,,,,,,,
"03B02",,,,,,,,,,,,,,,,,,,
"03B02",,,,,,,,,,,,,,,,,,,
"03B02",,,,,,,,,,,,,,,,,,,
"03B03",,,,,,,,,,,,,,,,,,,
"03B03",,,,,,,,,,,,,,,,,,,
"03B03",,,,,,,,,,,,,,,,,,,
"03B03",,,,,,,,,,,,,,,,,,,
"03B04",,,,,,,,,,,,,,,,,,,
"03B04",,,,,,,,,,,,,,,,,,,
"03B04",,,,,,,,,,,,,,,,,,,
"03B04",,,,,,,,,,,,,,,,,,,
"03B04",,,,,,,,,,,,,,,,,,,
"03B06",,,,,,,,,,,,,,,,,,,
"03B06",,,,,,,,,,,,,,,,,,,
"03B07",,,,,,,,,,,,,,,,,,,
"03B07",,,,,,,,,,,,,,,,,,,
"03B07",,,,,,,,,,,,,,,,,,,
"03B07",,,,,,,,,,,,,,,,,,,
"03B07",,,,,,,,,,,,,,,,,,,
"03B08",,,,,,,,,,,,,,,1,,,,
"03B08",,,,,,,,,,,,,,,1,,,,
"03B08",,,,,,,,,,,,,,,1,,,,
"03B09",,,,,,,,,,,,,,,,,1,,1
"03B09",,,,,,,,,,,,,,,,,1,,1
"03B09",,,,,,,,,,,,,,,,,1,,1
"03B09",,,,,,,,,,,,,,,,,1,,1
"03B09",,,,,,,,,,,,,,,,,1,,1
"03E03",,,,,,,,,,,,,,,,,,,
"03E04",,,,,,,,,,,,,,,,,,,
"03E07",,,,,,,,,,,,,,,,,,,
"03E08",,,,,,,,,,,,,,,,,,,
"03E10",,,,,,,,,,,,,,,,,,,
"03E11",,,,,,,,,,,,,,,,,,,
"03E12",,,,,,,,,,,,,,,,,,,
"03E14",,,,,,,,,,,,,,,,,,,
"03E15",,,,,,,,,,,,,,,,,,,
"03E16",,,,,,,,,,,,,,,,,,,
"03E17",,,,,,,,,,,,,,,,,,,
"03E18",,,,,,,,,,,,,,,,,,,
"03E19",,,,,,,,,,,,,,,,,,,
"03E20",,,,,,,,,,,,,,,,,,,
"03G01",,,,,,,,,,,,,,,,,,,
"03G02",,,,,,,,,,1,,,,,,,,,
"03G03",,,,,,,,,,,,,,,,,,,
"03G04",,,,,,,,,,,,,,,,,,,
"03G05",,,,,,,,,,,,,,,,,,,
"03G06",,,,,,,,,,,,,,,,,,,
"03G08",,,,,,1,,,,,1,,,,,,1,,
"03G09",,,,,,,,,,,,,,,,,,,
"03G10",,,,,,,,,,,,,,,,,1,,
"03G11",,,,,,,,,,,,,1,,,,1,,
"03G12",,,,,,,,,,,,,,,,,,,
"03G13",,,,,,1,,,,,,,,,,,1,,
"03G14",,,,,,1,,,,,,,,,,,,,
"03G15",,,,,,,,,,,,,,,,,,,
"03G16",,,,,,,,,,,,,,,,,,,
"03G17",,,,,,,,,,,,,,,,,,,
"03G18",,,,,,,,,,,,,,,,,,,
"03G20",,,,,,,,,,,,,,,,,,,
"03G21",,,,,,,,,,,,,,,,,,,
"03G22",,,,,,,,,,,,,,,,,,,
"03G23",,,,,,,,,,,,,,,,,,,
"03G24",,,,,,,,,,,,,,,,,1,,
"03G25",,,,,,,,,,,,,,,,,,,
"03G26",,,,,,,,,,,,,,,,,,,
"03G27",,,,,,,,,,,,,,,,,,,
"03G28",,,,,,,,,,,,,,,,,,,
"03G29",,,,,,,,,,,,,,,,,,,
"03G32",,,,,,,,,,,,,,,,1,,,
"03G33",,,,,,,,,,,,,,,,,,,
"03G34",,,,,,,,,,,,,,,,1,,,
"03G35",,,,,,,,,,,,,,,,1,,,
"03G36",,,,,,,,,,,,,,,,,,,
"03G37",,,,,,,,,,,,,,,,,,,
"03G38",,,,,,,,,,,,,,,,,,,
"03G39",,,,,,,,,,,,,,,,,,,
"03G40",,,,,,,1,,,1,,,,,,,1,,
"03G41",,,,,,,,,,,,,,,,1,,,
"03G43",,,,,,,,,,,,,,,,1,,,
"03G44",,,,,,,,,,,,,,,,,,,
"03G45",,,,,,,,,,,,,,,,,,,
"03G46",,,,,,,,,,,,,,,,,,,
"03G47",,,,,,,,,,,,,,,,,,,
"03K01",,,,,,,,,,,,,,,,,,,
"03K02",,,,,,,,,,,,,,,,1,,,
"03K03",,,,,,,,,,,,,,,,,,,
"03K04",1,,1,,,1,,,,1,,,,,,1,,,
"03K04",,,,,,,,,,,,,,,,,,,
"03K04",,,,,,,,,,,,,,,,,,,
"03K05",,,,,,,,,,,,,,,,,1,,
"03K06",,,,,,,,,,,,,,,,,1,,
"03K07",,,,,,,,,,,,,,,,,,,
"03K08",,,,,,,,,,,,,,,,,1,,
"03K09",,,,,,,,,,,,,,,,1,,,
"03K10",1,1,1,,,1,,,,1,,,,,,,1,,
"03K11",,,,,,,,,,,,,,,,,,,
"03P02",,,,,,,,,,,,,,,,,,,
"03P03",,,,,,,,,,,,,,,,,,,
"03P03",,,,,,,,,,,,,,,,,,,
"03P04",,,,,,,1,,,1,,,1,,1,,1,,
"03P04",,,,,,,1,,,1,,,1,,1,,1,,
"03P08",,,,,,,,,,,,,,,,,,,
"03P08",,,,,,,,,,,,,,,,,,,
"03P08",,,,,,,,,,,,,,,,,,,
"03P10",,,,,,,,,,,,,,,,,,,
"03P11",,,,,,,,,,,,,,,,,,,
"03P12",,,,,,,,,,,,,,,,,,,
"03P13",,,,,,,,,,,,,,,,,,,
"03P14",,,,,,,,,,,,,,,,,,,
"03P15",,,,,,,,,,,,,,,,,,,
"03P17",,,,,,,,,,,,,,,,,,,
"03P18",,,,,,,,,,,,,,,,,,,
"03P20",,,,,,,,,,,,,,,,,,,
"03P21",,,,,,,,,,,,,,,,,,,
"03P22",,,,,,,,,,,,,,,,,,,
"03P23",,,,,,,,,,,,,,,,,,,
"03P24",,,,,,,,,,,,,,,,,,,
"03P26",,,,,,,,,,,,,,,,,,,
"03P27",,,,,,,,,,,,,,,,,,,
"03P28",,,,,,,,,,,,,,,,,,,
"03P28",,,,,,,1,,,,,,,,,,1,1,
"03P29",,,,,,,,,,,,,,,,,,,
"03P29",,,,,,,,,,,,,,,,,,,
"03P30",,,,,,,,,,,,,,,,,,,
"03P31",,,,,,,,,,,,,,,,,,,
"03P32",,,,,,,,,,,,,,,,,,,
"03P33",,,,,,,,,,,,,,,,,,,
"03P34",,,,,,,,,,,,,,,,,,,
"03S01",,,,,,,,,,,,,,,,,,,
"03S03",,,,,,,,,,,,,,,,,,,
"03S06",,,,,,,1,,,1,,,,,,,1,,
"03S07",,,,,,,,,,,,,,,,,,,
"03S08",,,,,,,,,,,,,,,,,,,
"03S09",,,,,,,,,,,,,,,,,,,
"03S10",,,,,,,,,,,,,1,,,,1,,
"03Y04",,,,,,1,,,,,1,,,,,,1,,
"03Y08",,,,,,,,,,,,,,,,,1,,
"03Y10",,,,,,,,,,,,,,,,,1,,
"03Y13",,,,,,,,,,,,,,,,,1,,
"03Y14",,,,,,,,,,,,,,,,,1,,
"03Y15",,,,,,,,,,,,,,,,,1,,
"03Y16",,,,,,,,,,,,,,,,,1,,
"04A01",,,,,,,,,,,,,,,,,,,
"04A02",,,,,,,,,,,,,,,,,,,
"04A03",,,,,,,,,,,,,,,,,,,
"04A04",,,,,,,,,,,,,,,,,,,
"04A06",,,,,,,,,,,,,,,,,,,
"04A07",,,,,,,,,,,,,,,,,,,
"04A08",,,,,,,,,,,,,,,,,1,,
"04A09",,,,,,,,,,,,,,,,,,,
"04B01",,,,,,,1,,,1,,,,,,1,,,
"04B01",,,,,,,,,,,,,,,,,,,
"04B02",,,,,,,,,,,,,,,,,1,,
"04B02",,,,,,,,,,,,,,,,,1,,
"04B02",,,,,,,,,,,,,,,,,1,,
"04B02",,,,,,,,,,,,,,,,,1,,
"04B03",,,,,,,,,,,,,,,,,,,
"04B03",,,,,,,,,,,,,,,,,,,
"04B03",,,,,,,,,,,,,,,,,,,
"04B03",,,,,,,,,,,,,,,,,,,
"04B04",,,,,,,,,,,,,,,,,,,
"04B04",,,,,,,,,,,,,,,,,,,
"04B04",,,,,,,,,,,,,,,,,,,
"04B05",,,,,,,,,,,,,,,,,,,
"04B05",,,,,,,,,,,,,,,,,,,
"04B05",,,,,,,,,,,,,,,,,,,
"04B05",,,,,,,,,,,,,,,,,,,
"04B05",,,,,,,,,,,,,,,,,,,
"04B06",,,,,,,,,,,,,,,,,,,
"04B06",,,,,,,,,,,,,,,,,,,
"04B06",,,,,,,,,,,,,,,,,,,
"04B07",,,,,,,,,,,,,,,,,,,
"04B07",,,,,,,,,,,,,,,,,,,
"04B07",,,,,,,,,,,,,,,,,,,
"04B08",,,,,,,,,,,,,,,,,,,
"04B08",,,,,,,,,,,,,,,,,,,
"04E01",,,,,,,,,,,,,,,,,,,
"04E02",,,,,,,,,,,,,,,,,,,
"04E03",,,,,,,,,,,,,,,,,,,
"04E04",,,,,,,,,,,,,,,,,,,
"04E05",,,,,,,,,,,,,,,,,,,
"04E07",,,,,,,,,,,,,,,,,,,
"04E09",,,,,,,,,,,,,,,,,,,
"04E10",,,,,,,,,,,,,,,,,,,
"04E12",,,,,,,,,,,,,,,,,,,
"04E13",,,,,,,,,,,,,,,,,,,
"04E14",,,,,,,,,,,,,,,,,,,
"04E15",,,,,,,,,,,,,,,,,,,
"04E17",,,,,,,,,,,,,,,,,,,
"04E20",,,,,,,,,,,,,,,,,,,
"04E21",,,,,,,,,,,,,,,,,,,
"04E22",,,,,,,,,,,,,,,,,,,
"04E24",,,,,,,,,,,,,,,,,,,
"04E25",,,,,,,,,,,,,,,,,,,
"04E27",,,,,,,,,,,,,,,,,,,
"04E28",,,,,,,,,,,,,,,,,,,
"04E30",,,,,,,,,,,,,,,,,,,
"04E31",,,,,,,,,,,,,,,,,,,
"04E32",,,,,,,,,,,,,,,,,,,
"04E33",,,,,,,,,,,,,,,,,,,
"04E34",,,,,,,,,,,,,,,,,,,
"04E36",,,,,,,,,,,,,,,,,,,
"04E38",,,,,,,,,,,,,,,,,,,
"04E40",,,,,,,,,,,,,,,,,,,
"04E41",,,,,,,,,,,,,,,,,,,
"04E42",,,,,,,,,,,,,,,,,,,
"04E43",,,,,,,,,,,,,,,,,,,
"04E44",,,,,,,,,,,,,,,,,,,
"04E45",,,,,,,,,,,,,,,,,,,
"04E46",,,,,,,,,,,,,,,,,,,
"04E47",,,,,,,,,,,,,,,,,,,
"04E48",,,,,,,,,,,,,,,,,,,
"04E50",,,,,,,,,,,,,,,,,,,
"04E51",,,,,,,,,,,,,,,,,,,
"04E52",,,,,,,,,,,,,,,,,,,
"04G01",,,,,1,1,,,,,,,,,,1,,,
"04G02",,,,,,,,,,,,,,,,1,,,
"04G04",,,,,,,,,,,,,,,,,1,,
"04G05",,,,,,,,,,,,,,,,1,,,
"04G06",,,,,,,,,,,,,,,,1,,,
"04G07",,,,,,,,,,,,,,,,,,,
"04G08",,,,,,,,,,,,,,,,,1,,
"04G09",,,,,,,,,,,,,,,,,,,
"04G11",,,,,,,,,,,,,,,,,,,
"04G12",,,,,,,,,,,,,,,,,,,
"04G13",,,,,,,,,,,,,,,,,,,
"04G14",,,,,,,,,,,,,,,,1,,,
"04G15",,,,,,,,,,,,,,,,,1,,
"04G17",,,,,,,,,,,,,,,,1,,,
"04G18",,,,,1,1,,,,,,,,,1,,1,,
"04G19",,,,,,,,,,,,,,,,,,,
"04G20",,,,,,,,,,,,,,,,,,,
"04G21",,,,,,,,,,,,,,,,,,,
"04G22",,,,,,,,,,,,,,,,,,,
"04G23",,,,,,,,,,,,,,,,,,,
"04G24",,,,,,,,,,1,,,,,,1,,,
"04G25",,,,,,,,,,,,,,,,,,,
"04G26",,,,,,,,,,,,,,,,,,,
"04G27",,,,,,,,,,,,,,,,,,,
"04K02",,,,,,,,,,,,,,,,,1,,
"04K03",,,,,,,,,,,,,,,,,,,
"04K04",,,,,,,,,,,,,,,,,,,
"04K05",,,,,,,,,,,,,,,,,,,
"04K06",,,,,,1,,,,,,,,,,,,,
"04K07",,,,,,,,,,,,,,,,,1,,
"04K08",,,,,,,,,,,,,,,,,1,,
"04K08",,,,,,,,,,,,,,,,,,,
"04K08",,,,,,,,,,,,,,,,,,,
"04P01",,,,,,,,,,,,,,,,,,,
"04P02",,,,,,,,,,,,,,,,,,,
"04P03",,,,,,,,,,,,,,,,,,,
"04P04",,,,,,,,,,,,,,,,,,,
"04P05",,,,,,,,,,,,,,,,,,,
"04P07",,,,,,,,,,,,,,,,,,,
"04P07",,,,,,,,,,,,,,,,,,,
"04P08",,,,,,,,,,,,,,,,,,,
"04P09",,,,,,,,,,,,,,,,,,,
"04P10",,,,,,,,,,,,,,,,,,,
"04P11",,,,,,,,,,,,,,,,,,,
"04P12",,,,,,,,,,,,,,,,,,,
"04P15",,,,,,,,,,,,,,,,,,,
"04P18",,,,,,,,,,,,,,,,,,,
"04P20",,,,,,,,,,,,,,1,,,,,
"04P20",,,,,,,,,,,,,,1,,,,,
"04P20",,,,,,,,,,,,,,,,,,,
"04P21",,,,,,,,,,,,,,,,,,,
"04P22",,,,,,,,,,,,,,,,,,,
"04P23",,,,,,,,,,,,,,,,,,,
"04P23",,,,,,,,,,,,,,,,,,,
"04P24",,,,,,,,,,,,,,,,1,,,
"04P25",,,,,,,,,,1,,,,,,,1,,
"04P25",,,,,,,,,,,,,,,,,,,
"04P27",,,,,,,,,,,,,,,,,,,
"04P34",,,,,,,,,,,,,,,,,,,
"04P35",,,,,,,,,,,,,,,,,,,
"04P36",,,,,,,,,,,,,,,,,,,
"04P37",,,,,,,,,,,,,,,,,,,
"04S01",,,,,,,,,,1,,,,,,1,,,
"04S01",,,,,,,,,,1,,,,,,1,,,
"04S02",1,1,,,1,1,,,,1,,,,,,1,,,
"04S03",,,,,,,,,,,,,,,,,,,
"04S04",,,,,,,,,,,,,,,,,,,
"04S05",,,,,,,,,,,,,,,,,,,
"04S05",,,,,,,,,,,,,,,,,,,
"04S05",,,,,,,,,,,,,,,,,,,
"04S06",,,,,,,,,,,,,,,,,,,
"04S07",,,,,,1,,,,,,,,,,,,,
"04S07",,,,,,1,,,,,,,,,,,,,
"04S07",,,,,,,,,,,,,,,,,,,
"04Y01",,,,,,,,,,,,,,,,,1,,
"04Y02",,,,,,,,,,,,,,,,,,,
"04Y03",,,,,,,,,,,,,,,,,1,,
"04Y04",,,,,,,,,,,,,,,,,1,,
"04Y05",,,,,,,,,,,,,1,,,,1,,
"04Y06",,,,,,,,,,,,,,,,1,,,
"04Y07",,,,,,,,,,,,,,1,,,1,,
"04Y08",,,,,,,,,,,,,,1,,,1,,
"04Y09",,,,,,,,,,,,,,,,,,,
"04Y10",,,,,,,,,,,,,,,,,1,,
"04Y11",,,,,,,,,,,,,,,,,,,
"05A01",,,,,,,,,,,,,,,,,,,
"05A02",,,,,,,,,,,,,,,,,,,
"05A03",,,,,,,,,,,,,,,,,,,
"05A04",,,,,,,,,,,,,,,,,,,
"05B01",,,,,,,,,,,,,,,,,,,
"05B01",,,,,,,,,,,,,,,,,,,
"05B01",,,,,,,,,,,,,,,,,,,
"05B01",,,,,,,,,,,,,,,,,,,
"05B01",,,,,,,,,,,,,,,,,,,
"05B02",,,,,,,,,,,,,,,,,,,
"05B02",,,,,,,,,,,,,,,,,,,
"05B02",,,,,,,,,,,,,,,,,,,
"05B02",,,,,,,,,,,,,,,,,,,
"05B02",,,,,,,,,,,,,,,,,,,
"05E01",,,,,,,,,,,,,,,,,,,
"05E02",,,,,,,,,,,,,,,,,,,
"05E03",,,,,,,,,,,,,,,,,,,
"05G01",,,,,,,,,,,,,,,,1,,,
"05G02",,,,,,,,,,,,,,,,1,,,
"05G03",,,,,,,,,,1,,,,,,,,,
"05G04",,,,,,,,,,,,,,,,,,,
"05G05",,,,,,,,,,,,,,,,,,,
"05G06",,,,,,,,,,,,,,1,,,1,,
"05G07",,,,,,,,,,,,,,,,,,,
"05G08",,,,,,,,,,,,,,,,1,,,
"05G09",,,,,,,,,,,,,,,,1,,,
"05G10",,,,,,,,,,,,,,,,1,,,
"05G11",,,,,,,,,,,,,,1,1,1,,,
"05G12",,,,,,,,,,,,,,,,1,,,
"05G13",,,,,,,,,,,,,,,,,,,
"05G14",,,,,,,,,,,,,,1,,1,,,
"05G15",,,,,,,,,,,,,,,,1,,,
"05G16",,,,,,,,,,,,,,,,,,,
"05G17",,,,,,,,,,,,,,,,1,,,
"05G18",,,,,,,,,,,,,,,,,,,
"05G19",,,,,,,,,,,,,,,,,,,
"05G20",,,,,,,,,,,,,,,,,,,
"05G21",,,,,,,,,,,,,,,,,,,
"05G22",,,,,,,,,,,,,,,,1,,,
"05G23",,,,,,,,,,,,,,,,,,,
"05G24",,,,,,,,,,,,,,,,1,,,
"05G25",,,,,,1,,,,1,,,,,,1,,,
"05G26",,,,,,,,,,,,,,,,,,,
"05G27",,,,,,,,,,,,,,,,1,,,
"05G28",,,,,,,,,,,,,,,,1,,,
"05G29",,,,,,,,,,1,,,,,,,,1,
"05K01",,,,,,,,,,,,,1,,1,,1,,
"05K02",,,,,,,,,,,,,,,,,1,,
"05K03",,,,,,,,,,,,,,,,,,,
"05K04",,,,,,,,,,,,,,,,,1,,
"05K05",,,,,,,,,,,,,,,,,1,,
"05K06",,,,,,,,,,,,,,,,,,,
"05K07",,,,,,,,,,1,,,,,,1,,,
"05K08",,,,,,,,,,,,,1,,,,,,
"05K09",,,,,,,,,,,,,,,,,,,
"05P01",,,,,,,,,,,,,,,,,,,
"05P02",,,,,,,,,,,,,,,,,,,
"05P03",,,,,,,,,,1,,,,,,1,,,
"05P04",,,,,,,,,,,,,,,,,,,
"05P04",,,,,,,,,,,,,,,,,,,
"05P05",,,,,,,,,,,,,,,,,,,
"05P06",,,,,,,,,,,,,,,,,,,
"05P08",,,,,,,,,,,,,,,,,,,
"05P10",,,,,,,,,,,,,,,,,,,
"05P10",,,,,,,,,,,,,,,,,,,
"05P13",,,,,,,,,,,,,,,,,,,
"05P13",,,,,,,,,,,,,,,,,,,
"05P15",,,,,,,,,,,,,1,,,1,,,
"05P16",,,,,,,,,,,,,,,,,,,
"05P17",,,,,,,,,,,,,,,,,,,
"05P18",,,,,,,,,,,,,,,,,,,
"05P19",,,,,,,,,,,,,,,,,,,
"05P20",,,,,,,,,,,,,,,,,,,
"05S01",,,,,,,,,,,,,,,,1,,,
"05S02",,,,,,,,,,,,,,,,,,,
"05S03",,,,,,,,,,,,,,,,,,,
"05S04",,,,,,1,,,,1,,,,,,1,,,
"05Y01",,,,,,,,,,,,,,,,1,,,
"05Y02",,,,,,,,,,,,,,,,1,,,
"05Y03",,,,,,,,,,,,,,,,,1,,
"05Y04",,,,,,,,,,,,,1,1,,1,,,
"05Y05",,,,,,,,,,,,,,,,1,,,
"06A01",,,,,,,,,,,,,,,,,,,
"06A02",,,,,,,,,,,,,,,,,,,
"06A03",,,,,,,,,,,,,,,,,,,
"06A04",,,,,,,,,,,,,,,,,,,
"06A05",,,,,,,,,,,,,,,,,,,
"06A06",,,,,,,,,,,,,,,,,,,
"06A07",,,,,,,,,,,,,,,,,,,
"06A08",,,,,,,,,,,,,,,,,,,
"06A09",,,,,,,,,,,,,,,,,,,
"06B01",,,,,,,,,,,,,,,,,1,,
"06B01",,,,,,,,,,,,,,,,,1,,
"06B01",,,,,,,,,,,,,,,,,1,,
"06B01",,,,,,,,,,,,,,,,,1,,
"06B01",,,,,,,,,,,,,,,,,1,,
"06B02",,,,,,,,,,,,,,,,,1,,
"06B02",,,,,,,,,,,,,,,,,1,,
"06B02",,,,,,,,,,,,,,,,,1,,
"06B02",,,,,,,,,,,,,,,,,1,,
"06B02",,,,,,,,,,,,,,,,,1,,
"06B03",,,,,,,,,,,,,,,,,,,
"06B03",,,,,,,,,,,,,,,,,,,
"06B03",,,,,,,,,,,,,,,,,,,
"06B03",,,,,,,,,,,,,,,,,,,
"06B04",,,,,,,,,,,,,,,,,,,
"06B04",,,,,,,,,,,,,,,,,,,
"06B04",,,,,,,,,,,,,,,,,,,
"06B04",,,,,,,,,,,,,,,,,,,
"06E01",,,,,,,,,,,,,,,,,,,
"06E02",,,,,,,,,,,,,,,,,,,
"06E05",,,,,,,,,,,,,,,,,,,
"06E07",,,,,,,,,,,,,,,,,,,
"06E08",,,,,,,,,,,,,,,,,,,
"06E13",,,,,,,,,,,,,,,,,,,
"06E14",,,,,,,,,,,,,,,,,,,
"06G01",,,,,,,,,,,,,,,,1,,1,
"06G02",,,,,,,,,,,,,,,,,,,
"06G03",,,,,,,,,,,,,,,,,,,
"06G04",,,,,,,,,,,,,,,,1,,,
"06G05",,,,,,,,,,,,,,,,,1,,
"06G06",,,,,,,,,,,,,,,,,,,
"06G07",,,,,,,,,,,,,,,,,1,,
"06G08",,,,,,,,,,,,,,,,1,,,
"06G09",,,,,,,,,,,,,,,,,,,
"06G10",,,,,,,,,,,,,,,,,,,
"06G11",,,,,,,,,,,,,,,,1,,,
"06G12",,,,,,,,,,,,,,,,,,,
"06G14",,,,,,,,,,,,,,,,,1,,
"06G15",,,,,,,,,,,,,,,,1,,,
"06G16",,,,,,,,,,,,,,,,,,,
"06G17",,,,,,,,,,,,,,,,,,,
"06G18",,,,,,,,,,1,,,,,,1,,,
"06G20",,,,,,,,,,,,,,,,,,,
"06G21",,,,,,,,,,,,,,,,,,,
"06G22",,,,,,,,,,,,,,,,,,,
"06G23",,,,,,,,,,,,,,,,,,,
"06G24",,,,,,,,,,,,,,,,,,,
"06G25",,,,,,,,,,,,,,,,,,,
"06G26",,,,,,,,,,,,,,,,,,,
"06G27",,,,,,,,,,,,,,,,1,,,
"06G28",,,,,,,,,,,,,,,,1,,,
"06G29",,,,,,,,,,,,,,,,,,,
"06G30",,,,,,,,,,,,,1,,,1,,,
"06G31",,,,,,,,,,,,,,,,,,,
"06G32",,,,,,,,,,,,,,,,,,,
"06K01",,,,,,,,,,,,,,,1,,1,,
"06K02",,,,,,,1,,,,,,,,,,1,,
"06K03",,,,,,,,,,,,,1,,1,,1,,
"06K04",1,,1,,,1,,,,,,,,1,,,1,,
"06K06",,,,,,,,,,,,,,,,,,,
"06K08",,1,,,,1,1,,,1,,,,,,1,,,
"06K09",,,,,,,,,,,,,,,,1,,,
"06K10",,,,,,,,,,,,,,,,,,,
"06P01",,,,,,,,,,,,,,,,,,,
"06P02",,,,,,,,,,,,,,,,,,,
"06P04",,,,,,,1,,,,,,,,,,,,
"06P05",,,,,,,,,,,,,,,,,,,
"06P06",1,,,,,1,,,,1,,,,,,,1,,
"06P06",1,,,,,1,,,,1,,,,,,,1,,
"06P06",1,,,,,1,,,,1,,,,,,,1,,
"06P07",1,,1,,1,1,,1,,,,,,,,,,,
"06P08",,,,,,,,,,,,,,,,,,,
"06P08",,,,,,,,,,,,,,,,,,,
"06P09",,,,,,,,,,,,,,,,,,,
"06P10",,,,,,,,,,,,,,,,,,,
"06P11",,,,,,,,,,,,,,,,,,,
"06P12",,,,,,,,,,,,,,,,,,,
"06P13",,,,,,,,,,,,,,,,,,,
"06P14",,,,,,,,,,,,,,,,,,,
"06P14",,,,,,,,,,,,,,,,,,,
"06P14",,,,,,,,,,,,,,,,,,,
"06P15",,,,,,,,,,,,,,,,,,,
"06P15",,,,,,,,,,,,,,,,,,,
"06P15",,,,,,,,,,,,,,,,,,,
"06P18",,,,,,,,,,,,,,,,,,,
"06P18",,,,,,,,,,,,,,,,,,,
"06P20",,,,,,,,,,,,,,,,,,,
"06P20",,,,,,,,,,,,,,,,,,,
"06P21",,,,,,,,,,,,,,,,,,,
"06S01",1,1,1,,1,1,,,1,1,,,,,,1,,,
"06S01",1,1,1,,1,1,,,1,1,,,,,,1,,,
"06S02",,,,,,,,,,,,,,,,,,,
"06S02",,,,,,,,,,,,,,,,,,,
"06S03",,,,,,,,,,,,,,,,,,,
"06S04",1,,1,,,1,,,,1,,,,,,,1,,
"06S05",,,,,,,,,,,,,,,,,,,
"06S05",,,,,,,,,,,,,,,,,,,
"06S05",,,,,,,,,,,,,,,,,,,
"06Y01",,,,,,,,,,,,,,,,1,,,
"06Y02",,,,,,,,,,,,,1,1,1,,1,,
"06Y03",,,,,,,,,,,,,,,,,1,,
"06Y04",,,,,,,,,,,,,,,,,,,
"06Y05",,,,,,,,,,,,,,,,,,,
"06Y06",,,,,,,,,,,,,,,,,1,,1
"06Y07",,,,,,,,,,,,,,,,,1,,
"06Y08",1,,1,,1,1,,,,,,,,,,1,,,
"06Y09",,,,,,,,,,,,,1,,,1,,,
"06Y10",,,,,,,,,,,,,,1,,,1,,
"06Y11",,,,,,,,,,,,,,,,,1,,
"06Y12",,,,,,,,,,,,,,,1,,1,,
"06Y13",,,,,,,,,,,,,,1,1,,1,,
"07A01",,,,,,,,,,,,,,,,,,,
"07A02",,,,,,,,,,,,,,,,,,,
"07A04",,,,,,,,,,,,,,,,,,,
"07A05",,,,,,,,,,,,,,,,,,,
"07A06",,,,,,,,,,,,,,,,,,,
"07B01",,,,,,,,,,,,,,,,,,,
"07B01",,,,,,,,,,,,,,,,,,,
"07B02",,,,,,,,,,,,,,,,,,,
"07B02",,,,,,,,,,,,,,,,,,,
"07B02",,,,,,,,,,,,,,,,,,,
"07B02",,,,,,,,,,,,,,,,,,,
"07B03",,,,,,,,,,,,,,,,,,,
"07B03",,,,,,,,,,,,,,,,,,,
"07B03",,,,,,,,,,,,,,,,,,,
"07B03",,,,,,,,,,,,,,,,,,,
"07B03",,,,,,,,,,,,,,,,,,,
"07E01",,,,,,,,,,,,,,,,,,,
"07E02",,,,,,,,,,,,,,,,,,,
"07E05",,,,,,,,,,,,,,,,,,,
"07E07",,,,,,,,,,,,,,,,,,,
"07E08",,,,,,,,,,,,,,,,,,,
"07E09",,,,,,,,,,,,,,,,,,,
"07E11",,,,,,,,,,,,,,,,,,,
"07E15",,,,,,,,,,,,,,,,,,,
"07E16",,,,,,,,,,,,,,,,,,,
"07E17",,,,,,,,,,,,,,,,,,,
"07E18",,,,,,,,,,,,,,,,,,,
"07E19",,,,,,,,,,,,,,,,,,,
"07E20",,,,,,,,,,,,,,,,,,,
"07E21",,,,,,,,,,,,,,,,,,,
"07E24",,,,,,,,,,,,,,,,,,,
"07E25",,,,,,,,,,,,,,,,,,,
"07E26",,,,,,,,,,,,,,,,,,,
"07G01",,,,,1,1,,,,1,,,,,,1,,,
"07G02",,,,,1,1,,,,1,,,,,,1,,,
"07G03",,,,,,,,,,,,,,,,,,,
"07G05",,,,,,,,,,,,,,,,,,,
"07G06",,,,,,,,,,,,,,,,,,,
"07G07",,,,,,,,,,,,,,,,1,,,
"07G10",,,,,,,,,,,,,,,,,,,
"07G12",,,,,,,,,,,,,,,,,,,
"07G13",,,,,,,,,,,,,,,,,,,
"07G14",,,,,,,,,,,,,,,,,,,
"07G15",,,,,,,,,,,,,,,,,,,
"07G16",,,,,,,,,,,,,,,,,1,,
"07G17",,,,,,,,,,,,,,,,1,,,
"07G18",,,,,,,,,,,,,,,,1,,,
"07G19",,,,,,,,,,,,,,,,,,,
"07G20",,,,,,,,,,,,,,,,,,,
"07G21",,,,,,,,,,,,,,,,,,,
"07G22",,,,,,,,,,,,,,,,1,,,
"07G23",,,,,,,,,,,,,,,,,,,
"07G24",,,,,,,,,,,,,,,,,,,
"07G25",,,,,,,,,,,,,,,,,,,
"07G26",,,,,,,,,,,,,,,,1,,,
"07G27",,,,,,,,,,,,,,,,1,,,
"07G28",,,,,,,,,,,,,,,,,,,
"07G29",,,,,,,,,,,,,,,,,,,
"07G30",,,,,,,,,,,,,,,,,,,
"07G31",,,,,,,,,,,,,,,,,,,
"07G32",,,,,,1,,,,,,,,,,1,,,
"07G34",,,,,,,,,,,,,,,,,,,
"07G35",,,,,,1,,,,1,,,,,,,1,,
"07G36",,,,,,,,,,,,,,,,,,,
"07G37",,,,,,,,,,,,,,,,,1,,
"07K01",1,,,,,1,,,,,,,,,,,1,,
"07K02",,,,,,,,,,,,,1,1,,,1,,
"07K03",,,,,,,,,,1,,,1,,1,,1,,1
"07K04",,,,,,,,,,,,,,,,1,,,
"07K05",1,,1,,,1,,,,1,,,1,,1,,1,,
"07K06",,,,,,,,,,,,,1,,,,1,,
"07K07",,,,,,,,,,,,,,,,,1,,
"07K07",,,,,,,,,,,,,,,,,,,
"07K09",,,,,,,,,,1,,,,,,,1,,
"07K10",,,,,,,,,,,,,,,,,,,
"07K11",,,,,,,,,,,,,,,,,1,,
"07K12",,,,,,,,,,,,,,,,,,,
"07K13",,,,,,,,,,,,,,,,,,,
"07P01",,,,,,,,,,,,,,,,,,,
"07P02",,,,,,,,,,,,,,,,,,,
"07P02",,,,,,,,,,,,,,,,,,,
"07P03",,,,,,,,,,,,,,,,,,,
"07P03",,,,,,,,,,,,,,,,,,,
"07P03",,,,,,,,,,,,,,,,,,,
"07P04",,,,,,,,,,,,,,,,,,,
"07P05",,,,,,,,,,,,,,,,,,,
"07P06",,,,,,,,,,,,,,,,,,,
"07P07",,,,,,,,,,,,,,,,,,,
"07P10",,,,,,,,,,,,,,,,,,,
"07P10",,,,,,,,,,,,,,,,,,,
"07P11",,,,,,,,,,,,,,,,,,,
"07P12",,,,,,,,,,,,,,,,,,,
"07P13",,,,,,,,,,,,,,,,,,,
"07S01",,,,,,,,,,,,,,,,,,,
"07S03",,,,,,,,,,,,,,,,,,,
"07S04",1,,,,,1,,,,,,,,,,1,,,
"07Y01",1,,1,,1,1,,,,,,,,,,,1,,1
"07Y02",,,,,,1,,,,,,,,,,,1,,1
"07Y03",,,,,,,,,,,,,,,1,,1,,
"07Y04",,,,,,,,,,,,,,,,,1,,
"07Y05",,,,,1,1,,,,,,,1,,,,1,,
"07Y06",,,,,,,,,,,,,,,,,1,,1
"07Y07",,,,,,,,,,,,,,,,,,,
"07Y08",,,,,,,,,,,,,,,,,1,,
"07Y09",,,,,,,,,,,,,1,,,,1,,1
"08A01",,,,,,,,,,,,,,,,,,,
"08A02",,,,,,,,,,,,,,,,,,,
"08A04",,,,,,,,,,,,,,,,,,,
"08A05",,,,,,,,,,,,,,,,,,,
"08B01",,,,,,,,,,,,,,,,,,,
"08B02",,,,,,,,,,,,,,,,,,,
"08B02",,,,,,,,,,,,,,,,,,,
"08B02",,,,,,,,,,,,,,,,,,,
"08B02",,,,,,,,,,,,,,,,,,,
"08B02",,,,,,,,,,,,,,,,,,,
"08B02",,,,,,,,,,,,,,,,,,,
"08B04",,,,,,,,,,,,,,,,,,,
"08B04",,,,,,,,,,,,,,,,,,,
"08B04",,,,,,,,,,,,,,,,,,,
"08B04",,,,,,,,,,,,,,,,,,,
"08B04",,,,,,,,,,,,,,,,,,,
"08B04",,,,,,,,,,,,,,,,,,,
"08B05",1,1,1,1,,1,,,,1,,,,,,1,,,
"08B05",1,1,1,1,,1,,,,1,,,,,,1,,,
"08E02",,,,,,,,,,,,,,,,,,,
"08E04",,,,,,,,,,,,,,,,,,,
"08G01",,,,,,,,,,,,,,,,,,,
"08G02",,,,,,,,,,,,,,,,,,,
"08G03",,,,,,,,,,,,,,,,1,,,
"08G05",,,,,,,,,,1,,,,,,,1,,
"08G06",,,,,,,,,,1,,,,,,1,,,
"08G07",,,,,,,,,,,,,,,,,,,
"08G08",,,,,,,,,,,,,,,,1,,,
"08G09",,,,,,,,,,,,,,,,1,,,
"08G10",,,,,,,,,,,,,,,,1,,,
"08G11",,,,,,,,,,,,,,,,,1,,
"08G12",,,,,,,,,,1,,,,,,,,1,
"08G13",,,,,,,,,,,,,,,,,,,
"08G14",,,,,,,,,,,,,,,,,,,
"08G15",,,,,,,,,,,,,,,,,,,
"08G16",,,,,,,,,,,,,,,1,1,,,
"08G17",,,,,,,,,,,,,,,,,,,
"08G19",,,,,,,,,,,,,,,,,,,
"08G20",,,,,,,,,,,,,,,,1,,,
"08G21",,,,,,1,,,,,,,,,,1,,,
"08G22",,,,,,,,,,,,,,,,,,,
"08G23",,,,,,,,,,,,,,,,1,,,
"08G24",,,,,,,,,,,,,,,,,1,,
"08G25",,,,,,,,,,,,,,,,1,,,
"08G26",,,,,,,,,,,,,,,,,,,
"08G27",,,,,,,,,,,,,,,,1,,,
"08G28",,,,,,,,,,,,,,,,,1,,
"08G29",,,,,,,,,,,,,,,,,,,
"08G30",,,,,,,,,,,,,,,,,,,
"08G31",,,,,,,,,,,,,,,,,,,
"08G32",,,,,,,,,,1,,,,,,1,,,
"08G33",,,,,,,,,,,,,1,,1,,1,,
"08G34",,,,,,,,,,,,,,,,1,,,
"08G35",,,,,,,,,,,,,,,,1,,,
"08G36",,,,,,,,,,,,,,,,,,,
"08G37",,,,,,,,,,,,,,,,,,,
"08K01",,,,,,,,,,,,,,,,,,,
"08K02",,,,,,,,,,,,,,,,,,,
"08K03",,,,,,,,,,,,,,,,,,,
"08K04",,,,,,,,,,,,,,1,,,1,,
"08K05",1,1,1,1,,1,,,,1,,,,,,,1,,
"08K06",,,,,,,,,,,,,,,,,,,
"08K07",1,1,1,1,,1,,,,1,,,,,,,,,
"08K08",,,,,,1,,,,,1,,1,,,,1,,
"08K09",,,,,,,,,,,,,,,,,,,
"08K10",1,1,,,,1,,,,1,,,,,,,1,,
"08K10",,,,,,,,,,,,,,,,,,,
"08K11",,,,,,,,,,1,,,,,,,1,,
"08K12",1,1,1,1,,1,,,,1,,,,,,,1,,
"08P01",,,,,,,,,,,,,,,,,,,
"08P02",,,,,,,,,,,,,,,,,,,
"08P03",,,1,,,1,,,,1,,,,,,,1,,
"08P04",,,,,,,,,,,,,1,1,,,1,,
"08P04",,,,,,,,,,,,,1,1,,,1,,
"08P06",,,,,,,,,,,,,,,,,,,
"08P08",,,,,,,,,,,,,,,,,,,
"08P09",,,,,,,,,,,,,,,,,,,
"08P10",,,,,,,,,,,,,,,,,,,
"08P12",,,,,,,,,,,,,,,,,,,
"08S01",,,,,,,,,,,,,,,,,,,
"08S03",,,,,,,,,,,,,,,,,,,
"08S04",,,,,,,,,,,,,,,,,,,
"08S05",,,,,,,,,,,,,,,,1,,,
"08S06",,,,,,,,,,,,,,,,,,,
"08S07",,,,,,,,,,,,,,,,,,,
"08S08",,,,,,,,,,1,,,,,,,,,
"08S09",1,,,,,1,,,,1,,,,,,,,,
"08Y01",,,,,,,,,,,,,1,,1,,,,
"08Y02",,,,,,,,,,,,,1,,1,1,,,
"08Y03",,,,,,,,,,,,,,,,1,,,
"08Y04",,,,,,,,,,,,,1,1,,,1,,
"08Y05",,,,,,,,,,,,,,,,,,,
"08Y06",,,,,,,,,,,,,,,,,1,,
"09A01",,,,,,,,,,,,,,,,,,,
"09A02",,,,,,,,,,,,,,,,,,,
"09A03",,,,,,,,,,,,,,,,,,,
"09A04",,,,,,,,,,,,,,,,,,,
"09A05",,,,,,,,,,,,,,,,,,,
"09A06",,,,,,,,,,,,,,,,,,,
"09A07",,,,,,,,,,,,,1,,1,1,,,
"09B03",,,,,,,,,,,,,,,,,,,
"09B03",,,,,,,,,,,,,,,,,,,
"09B03",,,,,,,,,,,,,,,,,,,
"09B03",,,,,,,,,,,,,,,,,,,
"09B03",,,,,,,,,,,,,,,,,,,
"09E01",,,,,,,,,,,,,,,,,,,
"09E05",,,,,,,,,,,,,,,,,,,
"09E06",,,,,,,,,,,,,,,,,,,
"09E07",,,,,,,,,,,,,,,,,,,
"09G01",,,,,,,,,,,,,,,,1,,,
"09G03",,,,,,,,,,,,,,,,,,,
"09G04",,,,,,,,,,,,,,,,1,,,
"09G05",,,,,,,,,,1,,,,,,1,,,
"09G06",,,,,,,,,,1,,,,,,1,,,
"09G07",,,,,,,,,,,,,,,,,,,
"09G09",,,,,,,,,,,,,,,,,,,
"09G10",,,,,,,,,,,,,,,,,1,,
"09G11",,,,,,,,,,,,,,,,1,,,
"09G13",1,1,,,1,1,,,,1,,,,,,1,,,
"09G14",,,,,1,1,,,,,,,,,,1,,,
"09G15",,,,,,,,,,,,,1,,1,,1,,
"09G16",,,,,,,,,,,,,,,,1,,,
"09G17",,,,,,,,,,,,,,,,,,,
"09G18",,,,,,,,,,,,,,,,1,,,
"09G19",,,,,,,,,,,,,,,,,,,
"09G20",,,,,,,,,,,,,,,,1,,,
"09G21",,,,,1,1,,,,,,,,,,1,,,
"09G22",,,,,,,,,,,,,,,,1,,,
"09G23",,,,,,,,,,,,,,,,,,,
"09G24",1,,1,,,1,,,,,,,,,,1,,,
"09G25",,,,,,,,,,,,,,1,,1,,,
"09G26",,,,,,,,,,,,,,,,,,,
"09G27",,,,,1,1,,,,,,,,,,1,,,
"09G29",,,,,,,,,,,,,,,,,,,
"09K01",1,,,,1,1,,,,1,,,1,,,,1,,
"09K02",1,1,1,,,1,,,,1,,,,,,,1,,
"09K03",,,,,,,,,,,,,,,,,,,
"09K04",,,,,,,,,,,,,,,1,,,,
"09K05",,,,,,,,,,,,,,,,,1,,
"09K06",,,,,,,,,,,,,,,,,,,
"09K07",,,,,,,,,,,,,,,,,,,
"09K08",1,,1,,1,1,,,,1,,,,,,,1,,
"09K09",,,,,,,,,,,,,1,,,,1,,
"09P01",,,,,,,,,,,,,,,,,,,
"09P05",,,,,,,,,,,,,,,,,,,
"09P06",,,,,,,,,,,,,,,,,,,
"09P07",,,,,,,,,,,,,,,,,,,
"09P08",,,,,,,,,,,,,,,,,,,
"09P09",1,,,,,1,,,,1,,,,1,,,1,,
"09P09",1,,,,,1,,,,1,,,,1,,,1,,
"09P10",,,,,,,,,,1,,,,,,,,,
"09P11",,,,,,,,,,,,,,,,,,,
"09P12",,,,,,,,,,,,,,,,,,,
"09P13",,,,,,,,,,,,,,,,,,,
"09P15",,,,,,,,,,,,,,,,,,,
"09P16",,,,,,,,,,,,,,,,,,,
"09S03",1,,,,1,1,,,,1,,,,,,,,,
"09S04",,,,,,,,,,,,,,,,,,,
"09S05",1,1,,,1,1,,,,1,,,,,,1,,,
"09S06",,,,,,,,,,,,,,,,,,,
"09Y03",,,,,,,,,,,,,,,,1,,,
"09Y04",,,,,,,,,,,,,,,,,1,,
"09Y05",,,,,,,,,,,,,,,,,1,,
"09Y06",,,,,,,,,,,,,,,,,,,
"09Y10",,,,,,,,,,,,,,,,,1,,
"09Y11",,,,,1,1,,,,1,,,,,,,1,,1
"10A04",,,,,,,,,,,,,,,,,,,
"10A06",,,,,,,,,,,,,,,,,,,
"10A07",,,,,,,,,,,,,,,,,,,
"10A08",,,,,,,,,,,,,,,,,,,
"10A09",,,,,,,,,,,,,,,,,,,
"10B01",,,,,,,,,,,,,,,,,,,
"10B01",,,,,,,,,,,,,,,,,,,
"10B01",,,,,,,,,,,,,,,,,,,
"10B01",,,,,,,,,,,,,,,,,,,
"10B02",,,,,,,,,,,,,,,,,1,,
"10B02",,,,,,,,,,,,,,,,,1,,
"10B02",,,,,,,,,,,,,,,,,1,,
"10B02",,,,,,,,,,,,,,,,,1,,
"10B02",,,,,,,,,,,,,,,,,1,,
"10E01",,,,,,,,,,,,,,,,,,,
"10E02",,,,,,,,,,,,,,,,,,,
"10E04",,,,,,,,,,,,,,,,,,,
"10G01",,,,,,,,,,,,,,,,,,,
"10G03",,,,,,,,,,,,,,,,,,,
"10G04",,,,,,1,,,,,1,,,,,1,,,
"10G05",,,,,,,,,,,,,,,1,1,,,
"10G06",,,,,,,,,,,,,,,,1,,,
"10G07",,,,,,,,,,,,,,,,,,,
"10G08",,,,,,,,,,,,,,,,1,,,
"10G09",,,,,,,,,,,,,,,,,1,,
"10G10",,,,,,,,,,,,,,,,1,,,
"10G11",,,,,,,,,,,,,,,,,,,
"10G12",,,,,,,,,,,,,,,,,,,
"10G13",,,,,,,,,,1,,,,,,,1,,
"10G14",,,,,,1,,,,,1,,,,,,,,
"10G16",,,,,,,,,,,,,,,,1,,,
"10G17",,,,,,,,,,,,,,,,1,,,
"10G18",,,,,,,,,,,,,,,,1,,,
"10G19",,,,,,,,,,,,,,,,,,,
"10G22",,,,,,1,,,,,1,,,,,,,,
"10G25",,,,,,,,,,,,,,,,,,,
"10G26",,,,,,,,,,,,,,,,,,,
"10G28",,,,,,,,,,,,,,,,,,,
"10G29",,,,,,,,,,,,,,,,1,,,
"10G30",1,,,,1,1,,,,,,,,,,1,,,
"10G31",,,,,,,,,,,,,,,,,,,
"10G32",,,,,,,,,,,,,,,,,,,
"10G33",,,,,,,1,,,,,1,,,,1,,,
"10K01",,,,,,,,,,,,,,,,,,,
"10K02",,1,1,,,1,,,,1,,,1,,,,1,,
"10K03",,,,,,,,,,,,,,,,,,,
"10K03",,,,,,,,,,,,,,,,,,,
"10K04",,,,,,,,,,,,,,,,,1,,
"10K05",,,,,,,,,,,,,,,,,,,
"10K06",,,,,,,,,,,,,,,,,,,
"10K07",,,,,1,1,,,,,,,,,,1,,,
"10K08",1,,1,,,1,,,,1,,,,,1,,1,,
"10K09",,,,,,,,,,,,,1,1,1,,1,,
"10K10",,,,,,,,,,,,,,,,,,,
"10P03",,,,,,,,,,,,,,,,,,,
"10P03",,,,,,,,,,,,,,,,,,,
"10P05",,,,,,,,,,1,,,,,,,,,
"10P09",,,,,,,,,,,,,,,,,,,
"10P10",,,,,,,,,,,,,,,,,,,
"10P12",,,,,,,,,,,,,,,,,,,
"10P13",,,,,,,,,,,,,,,,,,,
"10P14",,,,,,,,,,,,,,,,,,,
"10P15",,,,,,,,,,,,,,,,,,,
"10S04",,,,,1,1,,,,,,,,,,,,,
"10S07",,,,,,,1,,,1,,,,,,,1,,
"10S08",,,,,,,,,,,,,,,,,,,
"10S10",,,,,,,1,,,1,,,,,,,1,,
"10S11",,,,,,,,,,,,,,,,,,,
"10Y01",,,,,,,,,,,,,,,,,,,
"10Y02",,,,,,,,,,,,,,,1,,1,,
"10Y03",,,,,,,,,,,,,1,,1,,1,,
"10Y08",,,,,,,,,,,,,,,,,1,,
"10Y11",,,,,1,1,,,,,,,1,,1,,1,,
"11A02",,,,,,,,,,,,,,,,,,,
"11A06",,,,,,,,,,,,,,,,,,,
"11A07",,,,,,,,,,,,,,,,,,,
"11A08",,,,,,,,,,,,,,,,,,,
"11B01",,,,,,1,1,,,,,,,,,,1,,
"11B01",,,,,,1,1,,,,,,,,,,1,,
"11B01",,,,,,1,1,,,,,,,,,,1,,
"11B02",,,,,,,,,,,,,,,,,,,
"11B02",,,,,,,,,,,,,,,,,,,
"11B02",,,,,,,,,,,,,,,,,,,
"11B02",,,,,,,,,,,,,,,,,,,
"11B02",,,,,,,,,,,,,,,,,,,
"11B03",,,,,,,,,,,,,,,,,,,
"11B03",,,,,,,,,,,,,,,,,,,
"11B03",,,,,,,,,,,,,,,,,,,
"11B03",,,,,,,,,,,,,,,,,,,
"11E05",,,,,,,,,,,,,,,,,,,
"11E06",,,,,,,,,,,,,,,,,,,
"11E08",,,,,,,,,,,,,,,,,,,
"11E09",,,,,,,,,,,,,,,,,,,
"11E11",,,,,,,,,,,,,,,,,,,
"11E12",,,,,,,,,,,,,,,,,,,
"11E13",,,,,,,,,,,,,,,,,,,
"11E14",,,,,,,,,,,,,,,,,,,
"11G01",,,,,,,,,,1,,,,,,1,,,
"11G02",,,,,,,,,,,,,,,,,,,
"11G03",1,,,,,1,,,,1,,,,,,1,,,
"11G05",,,,,,,,,,,,,,,,,,,
"11G06",,,,,,,,,,1,,,,,,1,,,
"11G07",,,,,,,,,,,,,,,,,,,
"11G08",,,,,,,,,,,,,1,,,,1,,
"11G09",,,,,,,,,,,,,,,,,,,
"11G10",,,,,,,,,,,,,,,,,,,
"11G11",,,,,,,,,,,,,,,,1,,,
"11G12",,,,,,,,,,,,,,,,,,,
"11G13",,,,,,,,,,,,,,,,,,,
"11G14",,,,,,,,,,,,,,,,,,,
"11G15",,,,,,,,,,,,,,,,,,,
"11G16",,,,,,1,,,,1,,,1,,,,1,,
"11G17",,,,,,,,,,,,,,,,1,,,
"11G18",,,,,,,,,,,,,,,,,,,
"11G19",,,,,,,,,,,,,,,,1,,,
"11G21",,,,,,,,,,,,,,,,,,,
"11G22",,,,,,,,,,,,,,,,1,,,
"11G23",,,,,,,,,,,,,,,,,,,
"11G25",,,,,,,,,,,,,,,,1,,,
"11G26",,,,,,,,,,,,,,,,,,,
"11G28",,,,,,,,,,,,,,,,1,,,
"11G29",,,,,,,,,,,,,,,,,1,,
"11K01",,,,,,,,,,,,,1,,1,,1,,
"11K02",,,,,,,,,,,,,,,,,,,
"11K04",,,,,,,,,,,,,,,,,,,
"11K05",1,1,1,,,1,,,,1,,,,,,,,,
"11K06",,,,,,1,,,,1,,,,,,1,,,
"11K07",1,1,1,1,1,1,,,,1,,,,,,,1,,
"11K08",,,,,,,,,,,,,1,,,,1,,
"11K09",,,,,,,,,,,,,,,,,,,
"11K10",,,,,,1,,,,,1,,,,,,,,
"11K11",,,,,,,,,,,,,,,,,,,
"11P01",,,,,,,,,,,,,,,,,,,
"11P02",,,,,,,,,,,,,,,,,,,
"11P02",,,,,,,,,,,,,,,,,,,
"11P02",,,,,,,,,,,,,,,,,,,
"11P02",,,,,,,,,,,,,,,,,,,
"11P03",,,,,,,,,,1,,,,,,1,,,
"11P04",,,,,,,,,,,,,,1,,,1,,
"11P06",,,,,,,,,,,,,,,,,,,
"11P06",,,,,,,,,,,,,,,,,,,
"11P06",,,,,,,,,,,,,,,,,,,
"11P08",,,,,,,,,,,,,,,,,,,
"11P08",,,,,,,,,,,,,,,,,,,
"11P09",,,,,,,,,,,,,1,,,,,,
"11P14",,,,,,,,,,,,,,,,,,,
"11P14",,,,,,,,,,,,,,,,,,,
"11P15",,,,,,,,,,,,,,,,,,,
"11S01",,,,,,1,,,,1,,,1,,,,1,,
"11S02",,,,,,,,,,,,,,,,,,,
"11S04",,,,,,,,,,,,,,,,,,,
"11S05",,,,,,,,,,,,,,,,,,,
"11S06",,,,,,,,,,,,,,,,,,,
"11S07",,,,,,,,,,,,,,,,,,,
"11S07",,,,,,,,,,,,,,,,,,,
"11S08",1,1,,,,1,,,,1,1,,,,,1,,,
"11S10",,,,,,,,,,,,,,,,,,,
"11S12",,,,,,,,,,,,,,,,,,,
"11Y02",,,,,,,,,,,,,1,1,1,,1,,
"11Y05",,,,,,,,,,,,,,,,,1,,
"11Y09",,,,,,,,,,,,,,,,,1,,
"11Y10",,,,,,,,,,,,,,,,,,,
"11Y11",,,,,,,,,,,,,1,,1,,1,,
"12A01",,,,,,,,,,,,,,,,,,,
"12A02",,,,,,,,,,,,,,,,,,,
"12A05",,,,,,,,,,,,,,,,,,,
"12A06",,,,,,,,,,,,,,,,,,,
"12A07",,,,,,,,,,,,,,,,,,,
"12A08",,,,,,,,,,,,,,,,,,,
"12A09",,,,,,,,,,,,,,,,,,,
"12B01",,,,,,,,,,,,,,,,,,,
"12B01",,,,,,,,,,,,,,,,,,,
"12B01",,,,,,,,,,,,,,,,,,,
"12B01",,,,,,,,,,,,,,,,,,,
"12B02",,,,,,,,,1,,,,,,,,,,
"12B02",,,,,,,,,1,,,,,,,,,,
"12B02",,,,,,,,,1,,,,,,,,,,
"12B02",,,,,,,,,1,,,,,,,,,,
"12B02",,,,,,,,,1,,,,,,,,,,
"12B02",,,,,,,,,1,,,,,,,,,,
"12B03",,,,,,,,,,,,,,,,,,,
"12B03",,,,,,,,,,,,,,,,,,,
"12B03",,,,,,,,,,,,,,,,,,,
"12B03",,,,,,,,,,,,,,,,,,,
"12B03",,,,,,,,,,,,,,,,,,,
"12E01",,,,,,,,,,,,,,,,,,,
"12E03",,,,,,,,,,,,,,,,,,,
"12E04",,,,,,,,,,,,,,,,,,,
"12E05",,,,,,,,,,,,,,,,,,,
"12E06",,,,,,,,,,,,,,,,,,,
"12G01",,,,,,,,,,,,,,,,,,,
"12G02",,,,,,,,,,,,,,,,,1,,
"12G03",,,,,,,,,,1,,,,,,1,,,
"12G04",,,,,,,,,,,,,,,,,1,,
"12G05",,,,,,1,,,,,,,,,,1,,,
"12G06",,,,,,,,,,,,,,,,,,,
"12G07",,,,,,,,,,,,,,,,,,,
"12G09",,,,,,,,,,,,,,,,,,,
"12G10",,,,,,,,,,,,,,,,,,,
"12G11",,,,,,,,,,,,,,1,,,1,,
"12G12",,,,,,,,,,,,,,,,,,,
"12G13",,,,,,,,,,,,,,,,,,,
"12G14",,,,,,,,,,,,,,,,1,,,
"12G15",,,,,,,,,,,,,,,,,,,
"12G17",,,,,,,,,,,,,,1,,1,,,
"12G18",,,,,,,,,,1,,,,,,1,,,
"12G19",,,,,,,,,,,,,,,,1,,,
"12G20",,,,,,,,,,,,,,1,,1,,,
"12G21",,,,,,,,,,,,,,,,,1,,
"12G22",,,,,,,,,,,,,,,,,,,
"12G23",,,,,,,,,,,,,,,,,,1,
"12G24",,,,,,,,,,,,,,,,1,,,
"12G26",,,,,,,,,,,,,,,,,,,
"12G27",,,,,,,,,,,,,,,,,,,
"12G28",,,,,,,,,,,,,,,,,,,
"12G29",,,,,,,,,,,,,,,,1,,,
"12G30",,,,,,,,,,,,,,,,1,,,
"12G31",,,,,,,,,,,,,,,,,,,
"12G32",,,,,,,,,,,,,,,,,,,
"12G33",,,,,,,,,,,,,,,,,,,
"12G34",,,,,,1,,,,1,,,,,,1,,,
"12K01",,,,,,,,,,,,,,,,,1,,
"12K02",1,1,1,1,,1,,,,1,,,,,,,1,,
"12K03",,,,,,,,,,,,,,,,,,,
"12K04",1,1,1,1,1,1,,,,,,,,,,,1,,
"12K05",,,,,,,,,,1,,,,,,,1,,
"12K06",,,,,,,,,,,,,,,,,,,
"12K07",1,,,,,1,,,,1,,,,,,,,,
"12K08",,,,,,,,,,,,,,,,,,,
"12K09",,,,,,,1,,,1,,,1,,,,1,,
"12K10",1,1,1,,1,1,,,,1,,,,1,,1,,,
"12K11",1,1,1,,,1,,,,1,,,,1,,,1,,
"12P01",,,,,,,,,,,,,,,,,,,
"12P02",,,,,,,,,,,,,,,,,,,
"12P03",,,,,,,,,,,,,,,,,,,
"12P03",,,,,,,,,,,,,,,,,,,
"12P04",,,,,,,,,,,,,,,,,,,
"12P04",,,,,,,,,,,,,,,,,,,
"12P06",,,,,,,,,,,,,,,,,,,
"12P07",,,,,,,,,,,,,,,,,,,
"12P07",,,,,,,,,,,,,,,,,,,
"12P10",,,,,,,,,,,,,,,,,,,
"12P11",,,,,,,,,,,,,,,,,,,
"12P13",,,,,,,,,,,,,,,,,,,
"12P13",,,,,,,,,,,,,,,,,,,
"12P13",,,,,,,,,,,,,,,,,,,
"12P14",,,,,,,,,,,,,,,,,,,
"12S01",,,,,,,,,,,,,,,,,,,
"12S02",,,,,,,,,,,,,,,,,,,
"12S03",1,,,,,1,,,,1,,,,,,,,,
"12S04",,,,,,,,,,,,,,,,,,,
"12S05",,,,,,,,,,,,,,,,,,,
"12S06",1,1,1,,1,1,,,,1,,,,,,1,,,
"12S06",1,1,1,,1,1,,,,1,,,,,,1,,,
"12S07",,,,,,,,,,,,,,,,,,,
"12Y01",,,,,,1,,,,,,,,,,,1,1,
"12Y02",,,,,,,,,,,,,,,,,1,,
"12Y03",,,,,,,,,,,,,,,,,,,
"12Y04",,,,,,,,,,,,,,,,,1,,
"12Y05",,,,,,,,,,,,,,,,,,,
"12Y06",,,,,,,,,,,,,,,,1,,,
"12Y07",,,,,,,,,,,,,,,,,1,,
"12Y08",,,,,,1,,,,,,,,,,,1,,
