"bsn",Parkplatz für Schwerbehinderte vorhanden,Rollstuhlgerechter Aufzug,Rollstuhlgerechtes WC,Zugänglich für Rollstuhlbenutzer,Beratungsstelle für Hörbehinderte,Beratungsstelle für Sprachbehinderte
"01A01",,,,,,
"01A02",,,,,,
"01A03",,,,,,
"01A04",1,1,1,1,,
"01B01",,1,1,1,,
"01B01",,1,1,1,,
"01B01",,1,1,1,,
"01B01",,1,1,1,,
"01B01",,1,1,1,,
"01B01",,1,1,1,,
"01B02",1,1,1,1,,
"01B03",1,1,1,1,,
"01B03",1,1,1,1,,
"01B03",1,1,1,1,,
"01B03",1,1,1,1,,
"01B03",1,1,1,1,,
"01B04",1,1,1,1,,
"01B04",1,1,1,1,,
"01B04",1,1,1,1,,
"01B05",,,,,,
"01B05",,,,,,
"01E03",,,,,,
"01E08",,,,,,
"01E10",,,,,,
"01E12",,,,,,
"01E13",,,,,,
"01E16",,,,,,
"01E18",,,,,,
"01E20",,,,,,
"01E21",,,,,,
"01E25",,,,,,
"01E26",,,,,,
"01E27",,,,,,
"01E28",,,,,,
"01E29",,,,,,
"01E30",,,,,,
"01E31",,,,,,
"01E32",,,,,,
"01G01",,,,,,
"01G02",,,,,,
"01G04",,,,,,
"01G05",,,,,,
"01G07",,,,,,
"01G08",1,1,1,1,,
"01G10",,,,,,
"01G11",,,1,1,,
"01G15",1,1,1,1,,
"01G16",,,,,,
"01G18",,,,,,
"01G19",,,,1,,
"01G24",,,,,,
"01G25",,,,,,
"01G27",1,1,1,1,,
"01G28",,1,,1,,
"01G29",,,,,,
"01G31",,1,1,1,,
"01G32",,,,,,
"01G35",,1,1,1,,
"01G36",,,,,,
"01G37",,1,1,1,,
"01G38",,,,,,
"01G39",,,,,,
"01G40",,,,,,
"01G41",1,,,,,
"01G42",,,,,,
"01G43",,,,,,
"01G44",1,1,1,1,,
"01G45",1,,,,,
"01G46",,,,,,
"01G47",,,,,,
"01K01",,,,,,
"01K02",,,,,,
"01K03",,1,,,,
"01K04",,,,,,
"01K06",,,,,,
"01K07",,,,,,
"01K08",,,,,,
"01K08",,,,,,
"01K08",,,,,,
"01K09",,,,,,
"01K10",,,,,,
"01P01",,,,,,
"01P03",,1,1,1,,
"01P04",1,,,,,
"01P05",,,,,,
"01P06",1,1,1,1,,
"01P07",,,,,,
"01P07",,,,,,
"01P07",,,,,,
"01P11",,1,,,,
"01P13",,,,,,
"01P14",,,,,,
"01P14",,,,,,
"01P14",,,,,,
"01P16",,,,,,
"01P17",,,,,,
"01P17",,,,,,
"01P17",,,,,,
"01P18",,1,1,,,
"01P18",,1,1,,,
"01P22",,,,,,
"01P22",,,,,,
"01P23",,,,,,
"01P24",,,,,,
"01P24",,,,,,
"01P25",,,,,,
"01P33",,,,,,
"01P34",,,,,,
"01P36",,,,,,
"01P36",,,,,,
"01P37",,,,,,
"01P38",,,,,,
"01P39",,,,,,
"01P39",,,,,,
"01P40",,,,,,
"01P42",,,,,,
"01P43",,,,,,
"01P44",,,,,,
"01P45",,,,,,
"01P46",,,,,,
"01S01",,,,,,1
"01S05",,1,1,1,,
"01S06",,,,,,1
"01S07",,,,,,
"01Y02",,,,,,
"01Y04",,,,,,
"01Y07",,,,1,,
"01Y08",,,,,,
"01Y09",,1,,1,,
"01Y11",,,,,,
"01Y12",,,,,,
"02A01",,,,,,
"02A02",,,,,,
"02A03",1,,1,,,
"02A04",1,,1,,,
"02A05",1,,1,,,
"02A06",1,,1,,,
"02A07",,,,,,
"02A08",,,,,,
"02B01",,,,,,
"02B01",,,,,,
"02B01",,,,,,
"02B02",,,,,,
"02B02",,,,,,
"02B02",,,,,,
"02B03",,1,1,1,,
"02B03",,1,1,1,,
"02B03",,1,1,1,,
"02B04",1,1,,1,,
"02B04",1,1,,1,,
"02B04",1,1,,1,,
"02B04",1,1,,1,,
"02B04",1,1,,1,,
"02B04",1,1,,1,,
"02B05",,,,,,
"02B05",,,,,,
"02B05",,,,,,
"02B05",,,,,,
"02B05",,,,,,
"02E01",,,,,,
"02E03",,,,,,
"02E04",,,,,,
"02E05",1,1,1,1,,
"02E06",,,,,,
"02E07",,,,,,
"02E10",,,,,,
"02E11",,,,,,
"02E12",,,,,,
"02E14",,,,,,
"02E15",,,,,,
"02E17",,,,,,
"02E18",,,,,,
"02E20",,,,,,
"02E21",,,,,,
"02E23",,,,,,
"02E24",,,,,,
"02E26",,,,,,
"02E27",,,,,,
"02E28",,,,,,
"02E29",,,,,,
"02E30",,,,,,
"02E32",,,,,,
"02E33",,,,,,
"02E34",,,,,,
"02E35",,,,,,
"02E36",,,,,,
"02E37",,,,,,
"02E38",,,,,,
"02E39",,,,,,
"02G01",,,,,,
"02G02",,,,,,
"02G03",,,,,,
"02G04",,,,,,
"02G05",,,,,,
"02G07",,,,,,
"02G08",,,,,,
"02G09",,,,,,
"02G10",,,,,,
"02G11",1,1,1,1,,
"02G12",,,,1,,
"02G13",,1,1,1,,
"02G14",,,,,,
"02G15",1,,,,,
"02G16",,1,,,,
"02G18",,,,,,
"02G19",1,1,1,1,,
"02G20",1,1,1,1,,
"02G21",,,,1,,
"02G22",1,1,1,1,,
"02G23",,,,,,
"02G24",,,,1,,
"02G26",,,,1,,
"02G27",1,1,,,,
"02G29",,1,1,1,,
"02G31",1,,,,,
"02G32",,,,,,
"02G33",1,1,1,1,,
"02G34",,,,,,
"02G35",,,,,,
"02K01",,,1,,,
"02K02",1,1,1,1,,
"02K03",,,,,,
"02K04",1,,,,,
"02K05",,,1,1,,
"02K06",,,,,,
"02K07",,,,,,
"02K08",,1,1,1,,
"02K09",,,1,1,,
"02K10",,,,,,
"02P02",,1,1,1,,
"02P02",,1,1,1,,
"02P03",,,,,,
"02P04",1,1,1,1,,
"02P05",1,1,1,1,,
"02P05",1,1,1,1,,
"02P07",,,,,,
"02P07",,,,,,
"02P08",1,1,1,1,,
"02P09",,,,,,
"02P10",1,1,1,1,,
"02P11",,,,,,
"02P12",,,,,,
"02P13",,,,,,
"02P14",,,,,,
"02P16",,,,,,
"02P18",,,,,,
"02P19",,,,,,
"02P20",,,,,,
"02P22",,,,,,
"02P23",,,,,,
"02P25",,,,,,
"02P26",,,,,,
"02P27",,,,,,
"02P28",,,,,,
"02S01",,,,,,
"02S01",,,,,,
"02S01",,,,,,
"02S02",,1,1,1,,
"02S03",,1,1,1,1,
"02S04",,,,,,1
"02S05",,1,1,,,
"02S06",,1,1,1,,
"02Y01",,,,,,
"02Y03",,,,,,
"02Y04",,,,,,
"02Y05",,,,,,
"02Y06",,,,1,,
"02Y07",,,,,,
"02Y08",,,,,,
"03A04",,,,,,
"03A05",,,,,,
"03B02",1,1,1,1,,
"03B02",1,1,1,1,,
"03B02",1,1,1,1,,
"03B03",1,1,1,1,,
"03B03",1,1,1,1,,
"03B03",1,1,1,1,,
"03B03",1,1,1,1,,
"03B04",1,1,1,1,,
"03B04",1,1,1,1,,
"03B04",1,1,1,1,,
"03B04",1,1,1,1,,
"03B04",1,1,1,1,,
"03B06",,,,,,
"03B06",,,,,,
"03B07",1,1,1,1,,
"03B07",1,1,1,1,,
"03B07",1,1,1,1,,
"03B07",1,1,1,1,,
"03B07",1,1,1,1,,
"03B08",,,1,,,
"03B08",,,1,,,
"03B08",,,1,,,
"03B09",1,,1,1,,
"03B09",1,,1,1,,
"03B09",1,,1,1,,
"03B09",1,,1,1,,
"03B09",1,,1,1,,
"03E03",,,,,,
"03E04",,,,,,
"03E07",,,,,,
"03E08",,,,,,
"03E10",,,,,,
"03E11",,,,,,
"03E12",,,,,,
"03E14",,,,,,
"03E15",,,,,,
"03E16",,,,,,
"03E17",,,,,,
"03E18",,,,,,
"03E19",,,,,,
"03E20",,,,,,
"03G01",1,,,,,
"03G02",,,,,,
"03G03",,,,,,
"03G04",1,1,1,1,,
"03G05",,,,,,
"03G06",,,1,1,,
"03G08",,,,,,
"03G09",,,,,,
"03G10",,1,1,1,,
"03G11",,,,,,
"03G12",,,,1,,
"03G13",,,,,,
"03G14",,,,,,
"03G15",,,1,1,,
"03G16",,,,,,
"03G17",,,,,,
"03G18",,1,1,1,,
"03G20",,,,,,
"03G21",1,,,,,
"03G22",1,,1,1,,
"03G23",,,1,1,,
"03G24",1,1,1,1,,
"03G25",,,,,,
"03G26",1,,,,,
"03G27",,,,,,
"03G28",,,,,,
"03G29",,,1,,,
"03G32",,,,,,
"03G33",1,,,,,
"03G34",1,,,1,,
"03G35",,,,,,
"03G36",,,,,,
"03G37",,,,,,
"03G38",,,,,,
"03G39",,,,,,
"03G40",1,1,1,1,,
"03G41",,,,,,
"03G43",,,,,,
"03G44",,,,,,
"03G45",,,,,,
"03G46",,,,,,
"03G47",,,,,,
"03K01",,1,1,1,,
"03K02",,,1,,,
"03K03",,,,,,
"03K04",,,,,,
"03K04",,,,,,
"03K04",,,,,,
"03K05",1,1,1,1,,
"03K06",,,,,,
"03K07",,,,,,
"03K08",,,,,,
"03K09",,,,,,
"03K10",1,,1,,,
"03K11",,,,,,
"03P02",,,,,,
"03P03",,,,,,
"03P03",,,,,,
"03P04",1,1,,1,,
"03P04",1,1,,1,,
"03P08",,,,,,
"03P08",,,,,,
"03P08",,,,,,
"03P10",1,1,1,1,,
"03P11",1,1,1,1,,
"03P12",,,,,,
"03P13",,,,,,
"03P14",,,1,,,
"03P15",1,1,,1,,
"03P17",,,,,,
"03P18",,,,,,
"03P20",,,,,,
"03P21",,,1,,,
"03P22",,,,,,
"03P23",,,,,,
"03P24",,,,,,
"03P26",,,,,,
"03P27",1,1,,1,,
"03P28",,,,,,
"03P28",,,,,,
"03P29",,,,,,
"03P29",,,,,,
"03P30",,,,,,
"03P31",,,,,,
"03P32",,,,,,
"03P33",,,,,,
"03P34",,,,,,
"03S01",,,1,1,,
"03S03",1,1,1,1,,
"03S06",1,1,1,1,,
"03S07",,,,,,
"03S08",,,1,1,,
"03S09",,1,1,,,1
"03S10",1,1,1,1,,
"03Y03",,,,,,
"03Y04",,1,1,1,,
"03Y08",,1,1,1,,
"03Y10",,,,,,
"03Y13",,,,,,
"03Y14",,,,,,
"03Y15",,,,,,
"03Y16",,,,,,
"04A01",,,,,,
"04A02",,,,,,
"04A03",,,,,,
"04A04",,1,1,,,
"04A06",,1,1,,,
"04A07",,,,,,
"04A08",,1,,1,,
"04A09",,,,,,
"04B01",,,,,,
"04B01",,,,,,
"04B02",,1,1,1,,
"04B02",,1,1,1,,
"04B02",,1,1,1,,
"04B02",,1,1,1,,
"04B03",,1,1,1,,
"04B03",,1,1,1,,
"04B03",,1,1,1,,
"04B03",,1,1,1,,
"04B04",,,1,,,
"04B04",,,1,,,
"04B04",,,1,,,
"04B05",,,1,1,,
"04B05",,,1,1,,
"04B05",,,1,1,,
"04B05",,,1,1,,
"04B05",,,1,1,,
"04B06",,1,1,1,,
"04B06",,1,1,1,,
"04B06",,1,1,1,,
"04B07",1,1,1,1,,
"04B07",1,1,1,1,,
"04B07",1,1,1,1,,
"04B08",,1,1,1,,
"04B08",,1,1,1,,
"04E01",,,,,,
"04E02",,,,,,
"04E03",,,,,,
"04E04",,,,,,
"04E05",,,,,,
"04E07",,,,,,
"04E09",,,,,,
"04E10",,,,,,
"04E12",,,,,,
"04E13",,,,,,
"04E14",,,,,,
"04E15",,,,,,
"04E17",,,,,,
"04E20",,,,,,
"04E21",,,,,,
"04E22",,,,,,
"04E24",,,,,,
"04E25",,,,,,
"04E27",,,,,,
"04E28",,,,,,
"04E30",,,,,,
"04E31",,,,,,
"04E32",,,,,,
"04E33",,,,,,
"04E34",,,,,,
"04E36",,,,,,
"04E38",,,,,,
"04E40",,,,,,
"04E41",,,,,,
"04E42",,,,,,
"04E43",,,,,,
"04E44",,,,,,
"04E45",,,,,,
"04E46",,,,,,
"04E47",,,,,,
"04E48",,,,,,
"04E50",,,,,,
"04E51",,,,,,
"04E52",,,,,,
"04G01",,,,,,
"04G02",,,,,,
"04G04",,,,,,
"04G05",,,,1,,
"04G06",,,,,,
"04G07",,,,,,
"04G08",,,,1,,
"04G09",1,,1,1,,
"04G11",1,,1,1,,
"04G12",,,,,,
"04G13",,1,1,1,,
"04G14",,,,,,
"04G15",1,,,,,
"04G17",,,,,,
"04G18",,,,,,
"04G19",1,1,1,1,,
"04G20",,,,,,
"04G21",,,,,,
"04G22",,,,,,
"04G23",,,,,,
"04G24",,,,,,
"04G25",,,,,,
"04G26",,,1,,,
"04G27",,,,,,
"04K02",,1,1,1,,
"04K03",,1,1,1,,
"04K04",,,,,,
"04K05",,1,1,,,
"04K06",,,,,,
"04K07",,,,,,
"04K08",1,1,1,1,,
"04K08",1,1,1,1,,
"04K08",1,1,1,1,,
"04P01",,,,,,
"04P02",,,,,,
"04P03",,1,1,1,,
"04P04",1,,1,1,,
"04P05",1,,,,,
"04P07",1,1,1,1,,
"04P07",1,1,1,1,,
"04P08",,,,,,
"04P09",,,1,1,,
"04P10",,,,,,
"04P11",,,,,,
"04P12",,,,,,
"04P15",,,,,,
"04P18",,,1,,,
"04P20",,1,1,1,,
"04P20",,1,1,1,,
"04P20",,1,1,1,,
"04P21",,,,,,
"04P22",,,,,,
"04P23",,,,,,
"04P23",,,,,,
"04P24",,,,,,
"04P25",,,,,,
"04P25",,,,,,
"04P27",,,,,,
"04P34",,,,,,
"04P35",,,1,1,,
"04P36",,,,,,
"04P37",,,,,,
"04S01",1,1,1,1,,
"04S01",1,1,1,1,,
"04S02",,1,1,1,,
"04S03",,,,,,1
"04S04",,,,,1,
"04S05",,,,,,
"04S05",,,,,,
"04S05",,,,,,
"04S06",1,1,1,1,,
"04S07",,,,,,
"04S07",,,,,,
"04S07",,,,,,
"04Y01",,,,,,
"04Y02",,,,,,
"04Y03",,,,,,
"04Y04",,,,,,
"04Y05",,,,,,
"04Y06",,,,,,
"04Y07",,,,,,
"04Y08",,,,,,
"04Y09",,,,,,
"04Y10",1,1,1,1,,
"04Y11",,,,,,
"05A01",,,,,,
"05A02",,,,,,
"05A03",,,,,,
"05A04",,,,,,
"05B01",,1,1,1,,
"05B01",,1,1,1,,
"05B01",,1,1,1,,
"05B01",,1,1,1,,
"05B01",,1,1,1,,
"05B02",1,1,1,1,,
"05B02",1,1,1,1,,
"05B02",1,1,1,1,,
"05B02",1,1,1,1,,
"05B02",1,1,1,1,,
"05E01",,,,,,
"05E02",,,,,,
"05E03",,,,,,
"05G01",,,1,1,,1
"05G02",1,,,1,,
"05G03",,,,,,
"05G04",,1,1,,,
"05G05",,,1,,,
"05G06",1,1,1,1,,
"05G07",,,,,,
"05G08",,,,,,
"05G09",,,,,,
"05G10",,,,,,
"05G11",1,1,1,1,,
"05G12",,,,,,
"05G13",,,,1,,
"05G14",1,,1,1,,
"05G15",1,,1,,,
"05G16",,,,,,
"05G17",,,,1,,
"05G18",1,,,1,,
"05G19",1,1,1,1,,
"05G20",1,,1,1,,
"05G21",,,,,,
"05G22",,,1,1,,
"05G23",,,,,,
"05G24",1,,,1,,
"05G25",1,1,1,1,,
"05G26",,1,1,1,,
"05G27",,1,1,1,,
"05G28",1,1,1,1,,
"05G29",1,1,1,1,,
"05K01",1,,,1,,
"05K02",,1,,1,,
"05K03",1,1,1,,,
"05K04",,,1,1,,
"05K05",,,,,,
"05K06",,,,,,
"05K07",,1,1,1,,
"05K08",1,,1,1,,
"05K09",,1,1,1,,
"05P01",,,,1,,
"05P02",,,,,,
"05P03",,,,,,
"05P04",1,,1,1,,
"05P04",1,,1,1,,
"05P05",1,,,,,
"05P06",,1,1,1,,
"05P08",,,,,,
"05P10",,,,,,
"05P10",,,,,,
"05P13",,,,,,
"05P13",,,,,,
"05P15",,,,1,,
"05P16",,,,,,
"05P17",,,,,,
"05P18",,,,,,
"05P19",,,,,,
"05P20",,,,,,
"05S01",,,,,,
"05S02",,,,,,
"05S03",1,1,1,1,,
"05S04",1,1,1,1,,
"05Y01",,,,,,
"05Y02",,,1,1,,
"05Y03",1,1,1,1,,
"05Y04",1,,,1,,
"05Y05",,,,,,
"06A01",1,,,,,
"06A02",,,,,,
"06A03",,,,,,
"06A04",1,1,1,1,,
"06A05",1,1,1,1,,
"06A06",,,,,,
"06A07",1,1,1,1,,
"06A08",,,,,,
"06A09",,,,,,
"06B01",1,1,1,1,,
"06B01",1,1,1,1,,
"06B01",1,1,1,1,,
"06B01",1,1,1,1,,
"06B01",1,1,1,1,,
"06B02",,1,1,1,,
"06B02",,1,1,1,,
"06B02",,1,1,1,,
"06B02",,1,1,1,,
"06B02",,1,1,1,,
"06B03",1,1,1,1,,
"06B03",1,1,1,1,,
"06B03",1,1,1,1,,
"06B03",1,1,1,1,,
"06B04",1,1,1,1,,
"06B04",1,1,1,1,,
"06B04",1,1,1,1,,
"06B04",1,1,1,1,,
"06E01",,,,,,
"06E02",,,,,,
"06E05",,,,,,
"06E07",,,,,,
"06E08",1,,,,,
"06E13",,,,,,
"06E14",,,,,,
"06G01",1,1,1,1,,
"06G02",,,,,,
"06G03",,,,,,
"06G04",,,1,1,,
"06G05",,,1,1,,
"06G06",,1,,1,,1
"06G07",,1,1,1,,
"06G08",,,1,,,
"06G09",1,1,1,1,,
"06G10",,,1,1,,
"06G11",1,1,1,1,,
"06G12",,,1,1,,
"06G14",1,,1,1,,
"06G15",,,,,,
"06G16",,,,,,
"06G17",,,,,,
"06G18",1,1,1,1,,
"06G20",,,,,,
"06G21",,,,,,
"06G22",,,,,,
"06G23",,1,1,1,,
"06G24",,1,1,1,,
"06G25",,,,,,
"06G26",,,,,,
"06G27",,,,,,
"06G28",,,,,,
"06G29",,,1,1,,
"06G30",,,,,,
"06G31",,,1,1,,
"06G32",,,,,,
"06K01",,1,,,,
"06K02",,,1,,,
"06K03",1,,,,,
"06K04",1,1,1,1,,
"06K06",,,,,,
"06K08",,,,,,
"06K09",,,,,,
"06K10",,,,,,
"06P01",1,1,1,1,,
"06P02",,,,,,
"06P04",1,,1,1,,
"06P05",,,,1,,
"06P06",,,,,,
"06P06",,,,,,
"06P06",,,,,,
"06P07",,,,,,
"06P08",,,,,,
"06P08",,,,,,
"06P09",,,,,,
"06P10",,,,,,
"06P11",1,1,1,1,,
"06P12",1,,,,,
"06P13",,,,,,
"06P14",,1,1,,,
"06P14",,1,1,,,
"06P14",,1,1,,,
"06P15",,,,,,
"06P15",,,,,,
"06P15",,,,,,
"06P18",1,1,1,1,,
"06P18",1,1,1,1,,
"06P20",,,,,,
"06P20",,,,,,
"06P21",,,,,,
"06S01",,,1,,,
"06S01",,,1,,,
"06S02",1,,1,1,,
"06S02",1,,1,1,,
"06S03",,1,1,1,,
"06S04",,,,,,
"06S05",,,,,,
"06S05",,,,,,
"06S05",,,,,,
"06Y01",1,,,,,
"06Y02",1,1,1,1,,
"06Y03",1,,,1,,
"06Y04",,,,,,
"06Y05",,,,,,
"06Y06",,,1,1,,
"06Y07",,,,,,
"06Y08",,,,,,
"06Y09",,,,,,
"06Y10",,1,1,1,,
"06Y11",1,,,,,
"06Y12",,,,,,
"06Y13",,,,,,
"07A01",,,1,1,,
"07A02",,,1,1,,
"07A04",,,1,1,,
"07A05",1,,,,,
"07A06",1,1,1,1,,
"07B01",1,1,1,1,,
"07B01",1,1,1,1,,
"07B02",,,,,,
"07B02",,,,,,
"07B02",,,,,,
"07B02",,,,,,
"07B03",1,1,1,1,,
"07B03",1,1,1,1,,
"07B03",1,1,1,1,,
"07B03",1,1,1,1,,
"07B03",1,1,1,1,,
"07E01",,,,,,
"07E02",,,,,,
"07E05",,,,,,
"07E07",,,,,,
"07E08",,,,,,
"07E09",,,,,,
"07E11",,,,,,
"07E15",,,,,,
"07E16",,,,,,
"07E17",,,,,,
"07E18",,,,,,
"07E19",,,,,,
"07E20",,,,,,
"07E21",,,,,,
"07E24",,,,,,
"07E25",,,,,,
"07E26",,,,,,
"07G01",,1,1,1,,
"07G02",1,1,1,1,,
"07G03",,1,1,1,,
"07G05",1,1,1,1,,
"07G06",,,,,,
"07G07",1,,,,,
"07G10",,,,,,
"07G12",,,,,,
"07G13",,,,,,
"07G14",,,,,,
"07G15",1,1,1,1,,
"07G16",,,,,,
"07G17",1,,,,,
"07G18",1,1,1,1,,
"07G19",1,,,,,
"07G20",,,,,,
"07G21",1,,1,1,,
"07G22",,,,,,
"07G23",,,,,,
"07G24",,,,,,
"07G25",,,,,,
"07G26",,1,1,1,,
"07G27",,,,,,
"07G28",,,,1,,
"07G29",,,,,,
"07G30",,,,1,,
"07G31",,,1,,,
"07G32",,,,,,
"07G34",,1,1,1,,
"07G35",1,,,1,,
"07G36",,,,1,,
"07G37",,,,,,
"07K01",,1,1,1,,
"07K02",1,1,1,1,,
"07K03",1,1,1,1,,
"07K04",,,,,,
"07K05",1,1,,1,,
"07K06",,,,,,
"07K07",,,,,,
"07K07",,,,,,
"07K09",,,,,,
"07K10",,,,,,
"07K11",,,,,,
"07K12",,,,,,
"07K13",,,,,,
"07P01",,,,,,
"07P02",,,,,,
"07P02",,,,,,
"07P03",1,1,1,1,,
"07P03",1,1,1,1,,
"07P03",1,1,1,1,,
"07P04",,,,1,,
"07P05",,,,,,
"07P06",1,1,1,1,,
"07P07",,1,1,1,,
"07P10",,,,,,
"07P10",,,,,,
"07P11",,,,,,
"07P12",,,,,,
"07P13",,,,,,
"07S01",,1,1,1,,
"07S03",,,1,1,,
"07S04",1,1,1,1,,
"07Y01",1,,,,,
"07Y02",,,,,,
"07Y03",,1,1,1,,
"07Y04",,,,,,
"07Y05",,,,,,
"07Y06",,,,,,
"07Y07",,,,,,
"07Y08",,1,1,1,,
"07Y09",1,,1,1,,
"08A01",,,,,,
"08A02",,,,,,
"08A04",,,,,,
"08A05",,,,,,
"08B01",1,1,1,1,,
"08B02",1,1,1,1,,
"08B02",1,1,1,1,,
"08B02",1,1,1,1,,
"08B02",1,1,1,1,,
"08B02",1,1,1,1,,
"08B02",1,1,1,1,,
"08B04",1,1,1,1,,
"08B04",1,1,1,1,,
"08B04",1,1,1,1,,
"08B04",1,1,1,1,,
"08B04",1,1,1,1,,
"08B04",1,1,1,1,,
"08B05",,,,,,
"08B05",,,,,,
"08E02",,,,,,
"08E04",,,,,,
"08G01",,,,,,1
"08G02",,,,,,
"08G03",,,1,1,,
"08G05",1,,,,,
"08G06",,,1,,,
"08G07",,,,,,
"08G08",,1,1,1,,
"08G09",1,1,1,1,,
"08G10",,,,,,
"08G11",,,,1,,
"08G12",,,,,,
"08G13",1,,1,1,,
"08G14",,,,,,
"08G15",,,,,,
"08G16",1,,,,,
"08G17",,,,,,
"08G18",,,1,1,,
"08G19",1,1,,1,,
"08G20",1,,1,1,,
"08G21",,,,,,
"08G22",,,,1,,
"08G23",,1,1,1,,
"08G24",,,,,,
"08G25",,,,,,
"08G26",,,,1,,
"08G27",,,1,1,,
"08G28",,,1,1,,
"08G29",1,,,,,
"08G30",,,,,,
"08G31",1,,,1,,
"08G32",,,1,1,,
"08G33",1,,1,1,,
"08G34",1,,,1,,
"08G35",,1,1,,,
"08G36",1,1,1,1,,
"08G37",,1,1,1,,
"08K01",,,,,,
"08K02",,,,,,
"08K03",1,1,1,1,,
"08K04",1,1,1,,,
"08K05",,1,1,1,,
"08K06",,,,,,
"08K07",,,,1,,
"08K08",,,,,,
"08K09",,,,,,
"08K10",,,,,,
"08K10",,,,,,
"08K11",,,,,,
"08K12",,1,1,1,,
"08P01",,1,1,,,
"08P02",,,,,,
"08P03",,,,,,
"08P04",,,,,,
"08P04",,,,,,
"08P06",,,,,,
"08P08",,,,,,
"08P09",,,,,,
"08P10",,,,,,
"08P12",,,,,,
"08S01",,,,,,
"08S03",1,1,,1,,
"08S04",,,,,,
"08S05",,,,1,,
"08S06",,1,1,1,,
"08S07",1,1,1,1,,
"08S08",1,1,1,1,,1
"08S09",1,,,1,,
"08Y01",1,,,1,,
"08Y02",,,,,,
"08Y03",1,1,1,1,,
"08Y04",,,,,,
"08Y05",1,1,1,1,,
"08Y06",1,1,1,1,,
"09A01",,,,,,
"09A02",,,,,,
"09A03",,,,,,
"09A04",,,,,,
"09A05",1,,1,1,,
"09A06",,,,,,
"09A07",1,1,1,1,,
"09B03",,1,1,1,,
"09B03",,1,1,1,,
"09B03",,1,1,1,,
"09B03",,1,1,1,,
"09B03",,1,1,1,,
"09E01",,,,,,
"09E05",,,,,,
"09E06",,,,,,
"09E07",,,,,,
"09G01",1,,,,,
"09G03",,,,,,
"09G04",,,,,,
"09G05",,,,,,
"09G06",1,,,,,
"09G07",,,,,,
"09G09",1,,,,,
"09G10",,,,,,
"09G11",,,,,,
"09G13",,,,,,
"09G14",1,,,,,
"09G15",1,1,1,1,,
"09G16",,,,,,
"09G17",,,1,,,
"09G18",,,,,,
"09G19",,,,,,
"09G20",,,1,1,,
"09G21",,,,,,
"09G22",1,,,,,
"09G23",,,,,,
"09G24",,,,,,
"09G25",,,,1,,
"09G26",,,,,,
"09G27",,1,1,1,,
"09G29",,,,,,
"09K01",,,,,,
"09K02",,,,,,
"09K03",,,,,,
"09K04",,,,,,
"09K05",,,1,1,,
"09K06",,,,,,
"09K07",,,,,,
"09K08",,,,,,
"09K09",,,,,,
"09P01",1,,1,1,,
"09P05",,,,,,
"09P06",,,,,,
"09P07",,,,,,
"09P08",,,,,,
"09P09",,,,,,
"09P09",,,,,,
"09P10",,,,,,
"09P11",,,,,,
"09P12",,,,,,
"09P13",,,,,,
"09P15",,,,,,
"09P16",,,,,,
"09S03",1,1,1,1,,
"09S04",,,,,,1
"09S05",,,,,,
"09S06",,,,,,
"09Y03",,,,,,
"09Y04",,,,,,
"09Y05",,,,1,,
"09Y06",,,,,,
"09Y10",1,1,1,1,,
"09Y11",1,1,1,,,
"10A04",1,1,1,1,,
"10A06",,,,,,
"10A07",,,,,,
"10A08",,,,,,
"10A09",,,,,,
"10B01",1,1,1,1,,
"10B01",1,1,1,1,,
"10B01",1,1,1,1,,
"10B01",1,1,1,1,,
"10B02",1,1,1,1,,
"10B02",1,1,1,1,,
"10B02",1,1,1,1,,
"10B02",1,1,1,1,,
"10B02",1,1,1,1,,
"10E01",,,,,,
"10E02",,,,,,
"10E04",,,,,,
"10G01",,,,,,
"10G03",,,,,,
"10G04",,,,,,
"10G05",,,,1,,
"10G06",,1,1,1,,
"10G07",1,,,,,
"10G08",,,1,1,,
"10G09",,,,,,
"10G10",,,,,,
"10G11",,,,,,
"10G12",,,,,,
"10G13",,,,,,
"10G14",1,1,1,1,,
"10G16",,,,,,
"10G17",,,,1,,
"10G18",,,,,,
"10G19",,,,,,
"10G22",,1,1,1,,
"10G25",,,,,,
"10G26",,1,1,1,,
"10G28",,1,1,1,,
"10G29",,,,,,
"10G30",,,,,,
"10G31",,,,,,
"10G32",1,1,1,1,,
"10G33",,,,,,
"10K01",1,1,1,1,,
"10K02",,,,,,
"10K03",,,1,1,,
"10K03",,,1,1,,
"10K04",,,,,,
"10K05",,,,,,
"10K06",,,,,,
"10K07",,,,,,
"10K08",,1,1,1,,
"10K09",1,1,1,,,
"10K10",,,,,,
"10P03",1,,,,,
"10P03",1,,,,,
"10P05",,,,,,
"10P09",,,,,,
"10P10",,,,,,
"10P12",,,,,,
"10P13",,,,,,
"10P14",,,,,,
"10P15",,,,,,
"10S04",,1,1,1,,
"10S07",1,1,1,1,,
"10S08",,1,1,1,,
"10S10",1,,,,,
"10S11",,1,1,1,,1
"10Y01",,,,,,
"10Y02",,,,,,
"10Y03",1,1,1,1,,
"10Y08",1,1,1,1,,
"10Y11",1,,,,,
"11A02",,,,,,
"11A06",,,,,,
"11A07",,,1,,,
"11A08",,,,,,
"11B01",1,1,1,1,,
"11B01",1,1,1,1,,
"11B01",1,1,1,1,,
"11B02",1,1,1,1,,
"11B02",1,1,1,1,,
"11B02",1,1,1,1,,
"11B02",1,1,1,1,,
"11B02",1,1,1,1,,
"11B03",1,1,,1,,
"11B03",1,1,,1,,
"11B03",1,1,,1,,
"11B03",1,1,,1,,
"11E05",,,,,,
"11E06",,,,,,
"11E08",,,,,,
"11E09",,,,,,
"11E11",,,,,,
"11E12",,,,,,
"11E13",1,1,,1,,
"11E14",,,,,,
"11G01",,,1,,,
"11G02",,,1,,,
"11G03",1,,1,,,
"11G05",,,1,,,
"11G06",,,1,,,
"11G07",1,,1,,,
"11G08",,,,,,
"11G09",,,,,,
"11G10",,,1,,,
"11G11",,,,,,
"11G12",,,1,,,
"11G13",,,1,1,,
"11G14",,,1,,,
"11G15",1,1,1,1,,
"11G16",,,,,,
"11G17",,,1,,,
"11G18",1,,1,,,
"11G19",,,1,,,
"11G21",,,,,,
"11G22",,,,,,
"11G23",,,1,,,
"11G25",,,,,,
"11G26",,,,,,
"11G28",1,1,1,1,,
"11G29",1,1,1,1,,
"11K01",,,,,,
"11K02",,,,,,
"11K04",,,,,,
"11K05",1,1,1,1,,
"11K06",,,1,,,
"11K07",,,,,,
"11K08",,,,,,
"11K09",,,1,,,
"11K10",1,,,,,
"11K11",,,,,,
"11P01",,,,,,
"11P02",1,1,1,1,,
"11P02",1,1,1,1,,
"11P02",1,1,1,1,,
"11P02",1,1,1,1,,
"11P03",1,,,,,
"11P04",,,1,1,,
"11P06",,,,,,
"11P06",,,,,,
"11P06",,,,,,
"11P08",,,,,,
"11P08",,,,,,
"11P09",,,1,1,,
"11P14",,,,,,
"11P14",,,,,,
"11P15",,,,,,
"11S01",,,,,,
"11S02",,,1,,,
"11S04",1,1,1,1,,
"11S05",,,,,,
"11S06",,,1,,,1
"11S07",1,1,1,1,,
"11S07",1,1,1,1,,
"11S08",,,,,,
"11S10",,,,,,
"11S12",1,1,1,1,,
"11Y02",,,,,,
"11Y05",,,,,,
"11Y09",1,1,1,1,,
"11Y10",,,,,,
"11Y11",1,,1,,,
"12A01",,,,,,
"12A02",,,,,,
"12A05",,,,,,
"12A06",,,,,,
"12A07",,,,,,
"12A08",,,,,,
"12A09",,,,,,
"12B01",1,1,1,1,,
"12B01",1,1,1,1,,
"12B01",1,1,1,1,,
"12B01",1,1,1,1,,
"12B02",1,1,1,1,,
"12B02",1,1,1,1,,
"12B02",1,1,1,1,,
"12B02",1,1,1,1,,
"12B02",1,1,1,1,,
"12B02",1,1,1,1,,
"12B03",1,1,1,1,,
"12B03",1,1,1,1,,
"12B03",1,1,1,1,,
"12B03",1,1,1,1,,
"12B03",1,1,1,1,,
"12E01",,,,,,
"12E03",,,,,,
"12E04",,,,,,
"12E05",,,,,,
"12E06",,,,,,
"12G01",,,1,,,
"12G02",,,1,,,
"12G03",1,1,1,1,,
"12G04",,,,,,
"12G05",,,,,,
"12G06",,,,,,
"12G07",1,1,1,1,,
"12G09",,,,,,
"12G10",,,1,,,
"12G11",,,1,,,
"12G12",,,,1,,
"12G13",1,,1,,,
"12G14",,,1,1,,
"12G15",,,1,1,,
"12G17",1,1,1,1,,
"12G18",,,1,1,,
"12G19",,,,,,
"12G20",,,1,1,,
"12G21",,,1,1,,
"12G22",,,,,,
"12G23",,,,1,,
"12G24",1,1,1,1,,
"12G26",,,1,,,
"12G27",,,1,1,,
"12G28",,,,,,
"12G29",,,,1,,
"12G30",,,1,1,,
"12G31",1,1,1,1,,
"12G32",,,1,1,,
"12G33",1,1,1,1,,
"12G34",1,,,1,,
"12K01",,,,,,
"12K02",,1,1,1,,
"12K03",,,,,,
"12K04",,,,,,
"12K05",,,1,1,,
"12K06",,,,,,
"12K07",1,1,1,,,
"12K08",,,1,,,
"12K09",,,,,,
"12K10",,1,1,,,
"12K11",1,,1,1,,
"12P01",,,,,,
"12P02",1,,1,1,,
"12P03",1,1,1,1,,
"12P03",1,1,1,1,,
"12P04",,,,,,
"12P04",,,,,,
"12P06",,,1,1,,
"12P07",,,,,,
"12P07",,,,,,
"12P10",,,,,,
"12P11",,,,,,
"12P13",,,,,,
"12P13",,,,,,
"12P13",,,,,,
"12P14",,,,,,
"12S01",,,,,,
"12S02",,,1,1,,
"12S03",,1,1,1,,1
"12S04",1,1,1,1,,
"12S05",1,1,1,1,,
"12S06",1,1,1,1,,
"12S06",1,1,1,1,,
"12S07",,,,,,
"12Y01",,1,,,,
"12Y02",,,,,,
"12Y03",,,,,,
"12Y04",,,,,,
"12Y05",,1,1,1,,
"12Y06",,,1,,,
"12Y07",1,,1,1,,
"12Y08",,1,1,,,
